menge;rolle;land;groesse;fenster;n;mae;rmse;crps;bias;abdeckung_q10_q90;breite;spread_skill;mae_mosmix;crps_mosmix;n_mosmix;mae_roh;crps_roh;n_roh;mae_roh-lapse;crps_roh-lapse;n_roh-lapse;mae_klima;crps_klima;n_klima;mae_naiv;crps_naiv;n_naiv;mae_persistenz;crps_persistenz;n_persistenz;beste_det_quelle;mae_skill_gegen_beste_det;crps_skill_gegen_beste_det;crps_skill_gegen_klima
spurR;A;alle;clct;0-6;17937;13.5837;28.2076;10.6127;1.4093;0.9350;49.1883;0.791;;;;15.3030;15.3030;17937;15.3030;15.3030;17937;31.7540;22.3267;53546;15.3030;12.3374;17937;17.6718;17.6718;53693;roh;0.1124;0.3065;0.5247
spurR;A;alle;clct;48-120;216167;34.7329;39.0323;23.6904;-8.4247;0.8375;83.3539;0.916;;;;25.8391;25.8391;35354;25.8391;25.8391;35354;30.2520;21.3163;215020;25.8391;18.6990;35354;37.3104;37.3104;213613;;;;-0.1114
spurR;A;alle;clct;120-240;179845;36.1480;40.0642;24.2524;-7.1406;0.8598;86.7777;0.952;;;;32.9168;32.9168;58862;32.9168;32.9168;58862;31.9515;22.3693;178959;32.9168;23.0030;58862;40.4661;40.4661;177552;;;;-0.0842
spurR;A;alle;clct;240-336;143928;37.3661;41.5908;24.7725;-4.1504;0.8677;86.7768;0.939;;;;40.7328;40.7328;47078;40.7328;40.7328;47078;31.9409;22.3338;143223;40.7328;27.6954;47078;39.9121;39.9121;142016;;;;-0.1092
spurR;A;alle;dd;0-6;17370;;;21.2842;;;;;;;;;31.3697;25649;;31.3697;25649;;;;;;;;34.1628;76544;;;;
spurR;A;alle;dd;48-120;198813;;;34.6187;;;;;;;;;49.2977;355437;;49.2977;355437;;;;;;;;77.2987;350761;;;;
spurR;A;alle;dd;120-240;94187;;;40.9745;;;;;;;;;58.2288;292272;;58.2288;292272;;;;;;;;81.1801;288298;;;;
spurR;A;alle;dd;240-336;68614;;;70.4625;;;;;;;;;74.2224;234320;;74.2224;234320;;;;;;;;81.5011;231083;;;;
spurR;A;alle;gust;0-6;37231;1.3969;1.9526;1.0545;0.1674;0.8376;4.6120;0.960;;;;1.6413;1.6413;37231;1.6413;1.6413;37231;2.0689;1.5602;111539;1.6413;1.2667;37231;1.3256;1.3256;110671;roh;0.1489;0.3575;0.3241
spurR;A;alle;gust;48-120;447603;2.5175;3.4206;1.9828;-0.2456;0.8302;9.4114;1.275;;;;2.7364;2.7364;242779;2.7364;2.7364;242779;2.4564;1.8468;447003;2.7364;2.1039;242779;3.2599;3.2599;441257;roh;0.0800;0.2754;-0.0736
spurR;A;alle;gust;120-240;372451;2.9707;4.4903;2.3710;-1.2527;0.8272;10.1335;1.010;;;;3.0985;3.0985;202061;3.0985;3.0985;202061;2.5692;1.9315;371973;3.0985;2.3768;202061;3.5584;3.5584;366924;roh;0.0413;0.2348;-0.2275
spurR;A;alle;gust;240-336;298135;2.9766;4.2591;2.3435;-1.0485;0.8358;10.3879;1.082;;;;3.6671;3.6671;161756;3.6671;3.6671;161756;2.6018;1.9560;297765;3.6671;2.7950;161756;3.5505;3.5505;293633;roh;0.1883;0.3609;-0.1981
spurR;A;alle;precip;0-6;36165;0.0946;0.5068;0.0738;-0.0829;0.9695;0.3256;0.819;;;;0.1005;0.1005;36165;0.1005;0.1005;36165;0.1172;0.1173;108289;0.1005;0.1236;36165;0.1641;0.1641;108203;roh;0.0591;0.2661;0.3711
spurR;A;alle;precip;48-120;434905;0.1114;0.4990;0.1033;-0.1107;0.8600;0.1071;0.218;;;;0.1651;0.1651;434905;0.1651;0.1651;434905;0.1119;0.1105;434023;0.1651;0.1734;434905;0.2128;0.2128;432115;roh;0.3252;0.3739;0.0650
spurR;A;alle;precip;120-240;362053;0.1092;0.4267;0.1036;-0.1092;0.8094;0.0765;0.139;;;;0.1671;0.1671;362053;0.1671;0.1671;362053;0.1095;0.1062;361344;0.1671;0.1513;362053;0.2082;0.2082;359362;roh;0.3465;0.3800;0.0244
spurR;A;alle;precip;240-336;289720;0.1126;0.4385;0.1081;-0.1126;0.8048;0.0684;0.049;;;;0.1918;0.1918;289720;0.1918;0.1918;289720;0.1129;0.1099;289175;0.1918;0.1667;289720;0.2094;0.2094;287503;roh;0.4129;0.4362;0.0163
spurR;A;alle;t;0-6;37214;1.0642;1.4884;0.8262;-0.0681;0.8973;4.3994;1.181;;;;1.3301;1.3301;37214;1.3135;1.3135;37214;2.8519;2.1574;111667;1.3135;1.0635;37214;1.0127;1.0127;111608;roh-lapse;0.1898;0.3710;0.6171
spurR;A;alle;t;48-120;447660;1.8974;2.5945;1.4489;0.0943;0.7548;5.2631;0.801;;;;2.5653;2.5653;447660;1.8489;1.8489;447660;3.1641;2.3495;447642;1.8489;1.4250;447660;3.8653;3.8653;445831;roh-lapse;-0.0262;0.2163;0.3833
spurR;A;alle;t;120-240;372768;2.3650;3.1344;1.7750;0.4359;0.7966;7.4524;0.957;;;;2.8956;2.8956;372768;2.3247;2.3247;372768;3.1153;2.3276;372758;2.3247;1.7729;372768;4.3479;4.3479;371174;roh-lapse;-0.0173;0.2365;0.2374
spurR;A;alle;t;240-336;298260;2.8714;3.6307;2.1271;-0.0959;0.7866;8.9656;0.978;;;;3.5968;3.5968;298260;3.1246;3.1246;298260;3.0884;2.2996;298252;3.1246;2.3461;298260;4.3905;4.3905;296958;roh-lapse;0.0810;0.3193;0.0750
spurR;A;alle;td;0-6;37193;0.9478;1.3752;0.7196;0.0906;0.7746;2.7858;0.844;;;;1.3317;1.3317;37193;0.9813;0.9813;37193;2.9034;2.1913;111608;0.9813;0.7754;37193;0.8577;0.8577;111514;roh-lapse;0.0341;0.2667;0.6716
spurR;A;alle;td;48-120;447339;1.8057;2.5628;1.3952;0.0522;0.7377;4.7555;0.747;;;;2.3792;2.3792;447339;1.8334;1.8334;447339;2.9435;2.1779;447321;1.8334;1.4121;447339;3.3533;3.3533;445188;roh-lapse;0.0151;0.2390;0.3594
spurR;A;alle;td;120-240;372482;2.2928;3.0930;1.7427;0.4794;0.8137;7.4390;0.948;;;;2.7259;2.7259;372482;2.2632;2.2632;372482;2.9554;2.2107;372472;2.2632;1.7328;372482;3.9652;3.9652;370571;roh-lapse;-0.0131;0.2300;0.2117
spurR;A;alle;td;240-336;298042;2.8156;3.5411;2.0771;-1.0652;0.7853;8.7129;0.967;;;;3.3704;3.3704;298042;2.9289;2.9289;298042;2.9116;2.1615;298034;2.9289;2.2221;298042;4.0374;4.0374;296463;roh-lapse;0.0387;0.2908;0.0391
spurR;A;alle;wet;0-6;36165;;;0.0533;;;;;;;;;0.0839;36165;;0.0839;36165;;0.1064;108289;;0.0839;36165;;0.1067;108203;;;;0.4990
spurR;A;alle;wet;48-120;434905;;;0.1047;;;;;;;;;0.1847;434905;;0.1847;434905;;0.1160;434023;;0.1847;434905;;0.2219;432115;;;;0.0977
spurR;A;alle;wet;120-240;362053;;;0.1281;;;;;;;;;0.2798;362053;;0.2798;362053;;0.1314;361344;;0.2798;362053;;0.2628;359362;;;;0.0252
spurR;A;alle;wet;240-336;289720;;;0.1285;;;;;;;;;0.3538;289720;;0.3538;289720;;0.1324;289175;;0.3538;289720;;0.2579;287503;;;;0.0290
spurR;A;alle;ws;0-6;37234;1.0568;1.5720;0.7875;-0.1464;0.7664;2.9207;0.795;;;;1.1588;1.1588;37234;1.1588;1.1588;37234;1.1847;0.8915;111575;1.1588;0.9282;37234;0.8649;0.8649;110679;roh;0.0880;0.3204;0.1166
spurR;A;alle;ws;48-120;448002;1.3211;1.9208;1.0042;-0.1081;0.7286;3.3556;0.726;;;;1.5223;1.5223;448002;1.5223;1.5223;448002;1.3039;0.9781;447416;1.5223;1.1694;448002;1.7301;1.7301;441800;roh;0.1322;0.3403;-0.0266
spurR;A;alle;ws;120-240;372972;1.4383;2.0802;1.0779;-0.2782;0.7701;4.0428;0.816;;;;1.6428;1.6428;372972;1.6428;1.6428;372972;1.2857;0.9653;372519;1.6428;1.2506;372972;1.7660;1.7660;367731;roh;0.1245;0.3438;-0.1167
spurR;A;alle;ws;240-336;298470;1.5806;2.1374;1.1653;0.2562;0.7707;4.7667;0.942;;;;1.7765;1.7765;298470;1.7765;1.7765;298470;1.2927;0.9696;298120;1.7765;1.3344;298470;1.7664;1.7664;294211;roh;0.1103;0.3440;-0.2019
spurR;A;AT;dd;0-6;2480;;;26.3847;;;;;;;;;41.5396;4799;;41.5396;4799;;;;;;;;40.4252;14255;;;;
spurR;A;AT;dd;48-120;25683;;;39.9722;;;;;;;;;58.9135;70723;;58.9135;70723;;;;;;;;76.6602;70655;;;;
spurR;A;AT;dd;120-240;10343;;;41.9782;;;;;;;;;64.1740;57607;;64.1740;57607;;;;;;;;79.5408;57559;;;;
spurR;A;AT;dd;240-336;10161;;;71.5079;;;;;;;;;76.5461;46445;;76.5461;46445;;;;;;;;78.7076;46403;;;;
spurR;A;AT;gust;0-6;8810;1.5033;2.1222;1.1484;0.0649;0.8233;4.7947;0.917;;;;1.8805;1.8805;8810;1.8805;1.8805;8810;1.8852;1.4336;26430;1.8805;1.4609;8810;1.2993;1.2993;26402;roh;0.2006;0.3893;0.1990
spurR;A;AT;gust;48-120;105657;2.5808;3.5162;2.0217;-0.0094;0.8335;9.5479;1.260;;;;2.8976;2.8976;57375;2.8976;2.8976;57375;2.2807;1.7270;105657;2.8976;2.2267;57375;3.1268;3.1268;105500;roh;0.1094;0.3023;-0.1707
spurR;A;AT;gust;120-240;88046;2.8233;4.0260;2.2592;-1.2141;0.8393;10.1937;1.140;;;;3.1764;3.1764;47814;3.1764;3.1764;47814;2.3882;1.8085;88046;3.1764;2.4438;47814;3.3599;3.3599;87867;roh;0.1112;0.2888;-0.2492
spurR;A;AT;gust;240-336;70463;2.9158;4.1329;2.3141;-1.0373;0.8436;10.4637;1.127;;;;3.9186;3.9186;38269;3.9186;3.9186;38269;2.4567;1.8585;70463;3.9186;2.9989;38269;3.4691;3.4691;70326;roh;0.2559;0.4095;-0.2451
spurR;A;AT;precip;0-6;8789;0.0924;0.4595;0.0710;-0.0750;0.9776;0.3248;0.886;;;;0.1023;0.1023;8789;0.1023;0.1023;8789;0.1122;0.1113;26375;0.1023;0.1255;8789;0.1557;0.1557;26348;roh;0.0969;0.3057;0.3619
spurR;A;AT;precip;48-120;105559;0.1255;0.5628;0.1155;-0.1245;0.8715;0.1244;0.221;;;;0.1859;0.1859;105559;0.1859;0.1859;105559;0.1261;0.1237;105559;0.1859;0.1938;105559;0.2305;0.2305;105237;roh;0.3251;0.3784;0.0663
spurR;A;AT;precip;120-240;87918;0.1182;0.4796;0.1111;-0.1182;0.8310;0.0896;0.154;;;;0.1848;0.1848;87918;0.1848;0.1848;87918;0.1183;0.1137;87918;0.1848;0.1681;87918;0.2168;0.2168;87577;roh;0.3602;0.3988;0.0230
spurR;A;AT;precip;240-336;70353;0.1310;0.5133;0.1257;-0.1310;0.8368;0.1190;0.067;;;;0.2223;0.2223;70353;0.2223;0.2223;70353;0.1310;0.1264;70353;0.2223;0.1941;70353;0.2291;0.2291;70094;roh;0.4107;0.4346;0.0056
spurR;A;AT;t;0-6;8808;1.2103;1.6492;0.9333;0.0175;0.8946;4.9265;1.184;;;;1.5537;1.5537;8808;1.6946;1.6946;8808;2.7088;2.0490;26430;1.6946;1.3620;8808;1.0310;1.0310;26420;roh;0.2211;0.3993;0.5445
spurR;A;AT;t;48-120;105718;2.0271;2.7293;1.5446;-0.1393;0.7475;5.5770;0.806;;;;2.9321;2.9321;105718;2.0181;2.0181;105718;3.1982;2.3758;105718;2.0181;1.5525;105718;3.8738;3.8738;105637;roh-lapse;-0.0045;0.2346;0.3499
spurR;A;AT;t;120-240;88129;2.2706;2.9569;1.6962;-0.0160;0.8311;7.8566;1.067;;;;3.1767;3.1767;88129;2.3588;2.3588;88129;3.0955;2.3161;88129;2.3588;1.7917;88129;4.3998;4.3998;88069;roh-lapse;0.0374;0.2809;0.2677
spurR;A;AT;t;240-336;70501;2.9327;3.7003;2.1690;-0.3212;0.7957;9.2935;0.994;;;;3.8630;3.8630;70501;3.1653;3.1653;70501;3.0902;2.2976;70501;3.1653;2.3845;70501;4.4823;4.4823;70453;roh-lapse;0.0735;0.3148;0.0560
spurR;A;AT;td;0-6;8808;1.0173;1.4079;0.7725;0.1432;0.7606;2.9295;0.861;;;;1.5619;1.5619;8808;1.1489;1.1489;8808;2.8593;2.1390;26427;1.1489;0.9046;8808;0.7916;0.7916;26412;roh-lapse;0.1145;0.3276;0.6388
spurR;A;AT;td;48-120;105720;1.8919;2.6349;1.4599;-0.1682;0.7295;4.9129;0.752;;;;2.5886;2.5886;105720;1.9607;1.9607;105720;2.9774;2.1945;105720;1.9607;1.5052;105720;3.3026;3.3026;105593;roh-lapse;0.0351;0.2554;0.3348
spurR;A;AT;td;120-240;88107;2.2122;2.9783;1.6826;0.4059;0.8305;7.4988;0.994;;;;2.8344;2.8344;88107;2.2709;2.2709;88107;2.9604;2.2144;88107;2.2709;1.7378;88107;3.8335;3.8335;88007;roh-lapse;0.0258;0.2590;0.2401
spurR;A;AT;td;240-336;70492;2.9359;3.6191;2.1484;-1.2924;0.7722;8.7988;0.957;;;;3.5701;3.5701;70492;2.9984;2.9984;70492;2.9131;2.1669;70492;2.9984;2.2747;70492;4.0209;4.0209;70412;roh-lapse;0.0208;0.2835;0.0085
spurR;A;AT;wet;0-6;8789;;;0.0551;;;;;;;;;0.0775;8789;;0.0775;8789;;0.1038;26375;;0.0775;8789;;0.0961;26348;;;;0.4689
spurR;A;AT;wet;48-120;105559;;;0.1077;;;;;;;;;0.1943;105559;;0.1943;105559;;0.1190;105559;;0.1943;105559;;0.2242;105237;;;;0.0955
spurR;A;AT;wet;120-240;87918;;;0.1223;;;;;;;;;0.2874;87918;;0.2874;87918;;0.1235;87918;;0.2874;87918;;0.2423;87577;;;;0.0099
spurR;A;AT;wet;240-336;70353;;;0.1307;;;;;;;;;0.3736;70353;;0.3736;70353;;0.1316;70353;;0.3736;70353;;0.2494;70094;;;;0.0074
spurR;A;AT;ws;0-6;8811;1.1104;1.6491;0.8175;0.1128;0.7208;2.9525;0.772;;;;1.1644;1.1644;8811;1.1644;1.1644;8811;1.0302;0.7798;26432;1.1644;0.9347;8811;0.8437;0.8437;26409;roh;0.0464;0.2979;-0.0484
spurR;A;AT;ws;48-120;105722;1.3237;1.9813;0.9966;0.0500;0.6945;3.1877;0.674;;;;1.4748;1.4748;105722;1.4748;1.4748;105722;1.1268;0.8503;105722;1.4748;1.1508;105722;1.5482;1.5482;105623;roh;0.1024;0.3243;-0.1720
spurR;A;AT;ws;120-240;88141;1.4335;2.1150;1.0669;0.0857;0.7258;3.7653;0.744;;;;1.4889;1.4889;88141;1.4889;1.4889;88141;1.1130;0.8431;88141;1.4889;1.1570;88141;1.5612;1.5612;88066;roh;0.0372;0.2834;-0.2654
spurR;A;AT;ws;240-336;70518;1.6860;2.2706;1.2312;0.5670;0.6885;4.4360;0.822;;;;1.5908;1.5908;70518;1.5908;1.5908;70518;1.1373;0.8591;70518;1.5908;1.2288;70518;1.6051;1.6051;70458;roh;-0.0599;0.2260;-0.4331
spurR;A;CH;dd;0-6;3077;;;31.4892;;;;;;;;;45.0721;6105;;45.0721;6105;;;;;;;;41.3026;17948;;;;
spurR;A;CH;dd;48-120;22536;;;41.5373;;;;;;;;;61.8106;87791;;61.8106;87791;;;;;;;;74.8560;85435;;;;
spurR;A;CH;dd;120-240;9372;;;49.4920;;;;;;;;;66.1392;71858;;66.1392;71858;;;;;;;;79.2819;69913;;;;
spurR;A;CH;dd;240-336;14201;;;80.7021;;;;;;;;;78.3089;57570;;78.3089;57570;;;;;;;;77.7331;55998;;;;
spurR;A;CH;gust;0-6;10335;1.7832;2.4447;1.3403;0.4295;0.7962;5.3149;0.888;;;;2.1646;2.1646;10335;2.1646;2.1646;10335;2.0286;1.5626;31006;2.1646;1.6697;10335;1.4148;1.4148;30137;roh;0.1762;0.3808;0.1423
spurR;A;CH;gust;48-120;124089;2.7938;3.8100;2.1965;-0.2363;0.8079;9.6757;1.191;;;;3.1458;3.1458;67293;3.1458;3.1458;67293;2.4764;1.8955;124089;3.1458;2.4221;67293;3.3548;3.3548;120440;roh;0.1119;0.3018;-0.1588
spurR;A;CH;gust;120-240;103365;3.5050;5.8620;2.8419;-0.8738;0.8137;10.4961;0.808;;;;3.4471;3.4471;56040;3.4471;3.4471;56040;2.7029;2.0644;103365;3.4471;2.6449;56040;3.7452;3.7452;100300;roh;-0.0168;0.1756;-0.3766
spurR;A;CH;gust;240-336;82694;3.3414;5.0485;2.6608;-0.7254;0.8283;10.7877;0.957;;;;3.9497;3.9497;44849;3.9497;3.9497;44849;2.7066;2.0642;82694;3.9497;3.0376;44849;3.6645;3.6645;80217;roh;0.1540;0.3263;-0.2890
spurR;A;CH;precip;0-6;9632;0.1353;0.6267;0.1070;-0.1141;0.9708;0.5107;0.909;;;;0.1547;0.1547;9632;0.1547;0.1547;9632;0.1831;0.1827;28896;0.1547;0.1748;9632;0.2418;0.2418;28860;roh;0.1253;0.3079;0.4143
spurR;A;CH;precip;48-120;115685;0.1344;0.5494;0.1238;-0.1335;0.8610;0.1247;0.226;;;;0.1953;0.1953;115685;0.1953;0.1953;115685;0.1350;0.1330;115685;0.1953;0.2007;115685;0.2580;0.2580;115416;roh;0.3118;0.3660;0.0692
spurR;A;CH;precip;120-240;96386;0.1341;0.4861;0.1264;-0.1341;0.8037;0.1022;0.149;;;;0.2068;0.2068;96386;0.2068;0.2068;96386;0.1344;0.1304;96386;0.2068;0.1834;96386;0.2536;0.2536;96115;roh;0.3513;0.3885;0.0301
spurR;A;CH;precip;240-336;77165;0.1380;0.4974;0.1321;-0.1380;0.8106;0.0953;0.047;;;;0.2346;0.2346;77165;0.2346;0.2346;77165;0.1383;0.1344;77165;0.2346;0.1999;77165;0.2570;0.2570;76925;roh;0.4120;0.4371;0.0170
spurR;A;CH;t;0-6;10208;1.3048;1.7992;1.0019;-0.1962;0.8870;5.1235;1.127;;;;1.9100;1.9100;10208;1.7541;1.7541;10208;2.7204;2.0721;30620;1.7541;1.4313;10208;0.8940;0.8940;30612;roh-lapse;0.2561;0.4288;0.5165
spurR;A;CH;t;48-120;122570;2.2791;3.1158;1.7490;-0.2320;0.7091;5.6534;0.716;;;;3.7649;3.7649;122570;2.1822;2.1822;122570;3.1929;2.3790;122570;2.1822;1.6812;122570;3.8142;3.8142;122490;roh-lapse;-0.0444;0.1985;0.2648
spurR;A;CH;t;120-240;102136;2.6294;3.5630;1.9926;0.5129;0.7819;7.8221;0.881;;;;3.6789;3.6789;102136;2.4499;2.4499;102136;3.1092;2.3364;102136;2.4499;1.8708;102136;4.1812;4.1812;102062;roh-lapse;-0.0733;0.1867;0.1471
spurR;A;CH;t;240-336;81705;2.9658;3.7407;2.1922;-0.0401;0.7875;9.2343;0.977;;;;4.2594;4.2594;81705;3.2402;3.2402;81705;3.1909;2.3830;81705;3.2402;2.4188;81705;4.3605;4.3605;81645;roh-lapse;0.0847;0.3234;0.0801
spurR;A;CH;td;0-6;10218;1.2041;1.7369;0.9157;-0.1763;0.7478;3.3578;0.812;;;;2.2380;2.2380;10218;1.3945;1.3945;10218;2.8279;2.1321;30654;1.3945;1.0951;10218;0.9254;0.9254;30624;roh-lapse;0.1366;0.3434;0.5705
spurR;A;CH;td;48-120;122604;2.1974;3.1662;1.7231;-0.3310;0.6850;4.9913;0.638;;;;3.5226;3.5226;122604;2.2273;2.2273;122604;2.9198;2.1757;122604;2.2273;1.7223;122604;3.3506;3.3506;122496;roh-lapse;0.0134;0.2264;0.2080
spurR;A;CH;td;120-240;102178;2.4211;3.3374;1.8459;0.1691;0.8053;7.5388;0.894;;;;3.4865;3.4865;102178;2.4023;2.4023;102178;2.9134;2.1738;102178;2.4023;1.8500;102178;3.9919;3.9919;102088;roh-lapse;-0.0078;0.2316;0.1509
spurR;A;CH;td;240-336;81725;3.0023;3.8228;2.2222;-1.1921;0.7652;8.8891;0.916;;;;4.0865;4.0865;81725;3.0727;3.0727;81725;2.9390;2.1942;81725;3.0727;2.3535;81725;4.1096;4.1096;81653;roh-lapse;0.0229;0.2768;-0.0128
spurR;A;CH;wet;0-6;9632;;;0.0737;;;;;;;;;0.1133;9632;;0.1133;9632;;0.1588;28896;;0.1133;9632;;0.1426;28860;;;;0.5363
spurR;A;CH;wet;48-120;115685;;;0.1163;;;;;;;;;0.1983;115685;;0.1983;115685;;0.1293;115685;;0.1983;115685;;0.2533;115416;;;;0.1009
spurR;A;CH;wet;120-240;96386;;;0.1460;;;;;;;;;0.3160;96386;;0.3160;96386;;0.1504;96386;;0.3160;96386;;0.2971;96115;;;;0.0292
spurR;A;CH;wet;240-336;77165;;;0.1464;;;;;;;;;0.3992;77165;;0.3992;77165;;0.1504;77165;;0.3992;77165;;0.2933;76925;;;;0.0262
spurR;A;CH;ws;0-6;10336;1.2041;1.7356;0.8891;0.0735;0.7433;3.2921;0.817;;;;1.2993;1.2993;10336;1.2993;1.2993;10336;1.1303;0.8653;31008;1.2993;1.0454;10336;0.9053;0.9053;30137;roh;0.0732;0.3157;-0.0275
spurR;A;CH;ws;48-120;124115;1.4325;2.1240;1.1089;-0.3308;0.6774;3.1173;0.626;;;;1.7050;1.7050;124115;1.7050;1.7050;124115;1.2530;0.9518;124115;1.7050;1.3013;124115;1.7085;1.7085;120489;roh;0.1599;0.3496;-0.1651
spurR;A;CH;ws;120-240;103394;1.5246;2.2060;1.1489;-0.2285;0.7143;3.7956;0.735;;;;1.7647;1.7647;103394;1.7647;1.7647;103394;1.2606;0.9605;103394;1.7647;1.3307;103394;1.7470;1.7470;100373;roh;0.1360;0.3490;-0.1961
spurR;A;CH;ws;240-336;82719;1.6875;2.2877;1.2455;0.3708;0.7049;4.4810;0.854;;;;1.8237;1.8237;82719;1.8237;1.8237;82719;1.2445;0.9461;82719;1.8237;1.3623;82719;1.6945;1.6945;80281;roh;0.0747;0.3170;-0.3164
spurR;A;DE;clct;0-6;17937;13.5837;28.2076;10.6127;1.4093;0.9350;49.1883;0.791;;;;15.3030;15.3030;17937;15.3030;15.3030;17937;31.7540;22.3267;53546;15.3030;12.3374;17937;17.6718;17.6718;53693;roh;0.1124;0.3065;0.5247
spurR;A;DE;clct;48-120;216167;34.7329;39.0323;23.6904;-8.4247;0.8375;83.3539;0.916;;;;25.8391;25.8391;35354;25.8391;25.8391;35354;30.2520;21.3163;215020;25.8391;18.6990;35354;37.3104;37.3104;213613;;;;-0.1114
spurR;A;DE;clct;120-240;179845;36.1480;40.0642;24.2524;-7.1406;0.8598;86.7777;0.952;;;;32.9168;32.9168;58862;32.9168;32.9168;58862;31.9515;22.3693;178959;32.9168;23.0030;58862;40.4661;40.4661;177552;;;;-0.0842
spurR;A;DE;clct;240-336;143928;37.3661;41.5908;24.7725;-4.1504;0.8677;86.7768;0.939;;;;40.7328;40.7328;47078;40.7328;40.7328;47078;31.9409;22.3338;143223;40.7328;27.6954;47078;39.9121;39.9121;142016;;;;-0.1092
spurR;A;DE;dd;0-6;11813;;;17.5552;;;;;;;;;22.3865;14745;;22.3865;14745;;;;;;;;29.2596;44341;;;;
spurR;A;DE;dd;48-120;150594;;;32.6704;;;;;;;;;40.2658;196923;;40.2658;196923;;;;;;;;78.6024;194671;;;;
spurR;A;DE;dd;120-240;74472;;;39.7632;;;;;;;;;52.6338;162807;;52.6338;162807;;;;;;;;82.5919;160826;;;;
spurR;A;DE;dd;240-336;44252;;;66.9364;;;;;;;;;71.5887;130305;;71.5887;130305;;;;;;;;84.1482;128682;;;;
spurR;A;DE;gust;0-6;18086;1.1243;1.4965;0.8455;0.0677;0.8682;4.1214;1.096;;;;1.2256;1.2256;18086;1.2256;1.2256;18086;2.1818;1.6207;54103;1.2256;0.9417;18086;1.2889;1.2889;54132;roh;0.0827;0.3102;0.4783
spurR;A;DE;gust;48-120;217857;2.3295;3.1265;1.8421;-0.3654;0.8412;9.1946;1.350;;;;2.4247;2.4247;118111;2.4247;2.4247;118111;2.5304;1.8772;217257;2.4247;1.8629;118111;3.2720;3.2720;215317;roh;0.0393;0.2403;0.0187
spurR;A;DE;gust;120-240;181040;2.7373;3.7388;2.1566;-1.4877;0.8290;9.8972;1.174;;;;2.8617;2.8617;98207;2.8617;2.8617;98207;2.5810;1.9154;180562;2.8617;2.1912;98207;3.5511;3.5511;178757;roh;0.0435;0.2464;-0.1259
spurR;A;DE;gust;240-336;144978;2.7981;3.8031;2.1768;-1.2382;0.8363;10.1230;1.169;;;;3.3836;3.3836;78638;3.3836;3.3836;78638;2.6126;1.9415;144608;3.3836;2.5574;78638;3.5267;3.5267;143090;roh;0.1730;0.3567;-0.1212
spurR;A;DE;precip;0-6;17744;0.0736;0.4535;0.0571;-0.0700;0.9648;0.2256;0.672;;;;0.0702;0.0702;17744;0.0702;0.0702;17744;0.0838;0.0846;53018;0.0702;0.0949;17744;0.1260;0.1260;52995;roh;-0.0473;0.1876;0.3257
spurR;A;DE;precip;48-120;213661;0.0920;0.4323;0.0862;-0.0915;0.8538;0.0890;0.208;;;;0.1384;0.1384;213661;0.1384;0.1384;213661;0.0922;0.0917;212779;0.1384;0.1485;213661;0.1793;0.1793;211462;roh;0.3355;0.3770;0.0601
spurR;A;DE;precip;120-240;177749;0.0913;0.3592;0.0876;-0.0913;0.8018;0.0561;0.114;;;;0.1369;0.1369;177749;0.1369;0.1369;177749;0.0916;0.0894;177040;0.1369;0.1256;177749;0.1790;0.1790;175670;roh;0.3333;0.3603;0.0200
spurR;A;DE;precip;240-336;142202;0.0897;0.3565;0.0865;-0.0897;0.7858;0.0288;0.018;;;;0.1535;0.1535;142202;0.1535;0.1535;142202;0.0901;0.0884;141657;0.1535;0.1351;142202;0.1736;0.1736;140484;roh;0.4154;0.4367;0.0224
spurR;A;DE;t;0-6;18198;0.8585;1.1823;0.6757;-0.0376;0.9043;3.7380;1.244;;;;0.8966;0.8966;18198;0.8819;0.8819;18198;2.9948;2.2578;54617;0.8819;0.7128;18198;1.0704;1.0704;54576;roh-lapse;0.0264;0.2338;0.7007
spurR;A;DE;t;48-120;219372;1.6216;2.1731;1.2351;0.3892;0.7838;4.8938;0.886;;;;1.7184;1.7184;219372;1.5811;1.5811;219372;3.1316;2.3204;219354;1.5811;1.2205;219372;3.8898;3.8898;217704;roh-lapse;-0.0257;0.2188;0.4677
spurR;A;DE;t;120-240;182503;2.2625;2.9564;1.6912;0.6111;0.7883;7.0503;0.960;;;;2.3215;2.3215;182503;2.2382;2.2382;182503;3.1283;2.3283;182493;2.2382;1.7091;182503;4.4167;4.4167;181043;roh-lapse;-0.0109;0.2444;0.2736
spurR;A;DE;t;240-336;146054;2.7891;3.5330;2.0705;-0.0185;0.7816;8.6569;0.970;;;;3.0977;3.0977;146054;3.0404;3.0404;146054;3.0301;2.2540;146046;3.0404;2.2869;146054;4.3628;4.3628;144860;roh-lapse;0.0827;0.3190;0.0814
spurR;A;DE;td;0-6;18167;0.7700;1.1017;0.5835;0.2153;0.7964;2.3944;0.874;;;;0.7104;0.7104;18167;0.6676;0.6676;18167;2.9671;2.2500;54527;0.6676;0.5329;18167;0.8517;0.8517;54478;roh-lapse;-0.1534;0.1259;0.7406
spurR;A;DE;td;48-120;219015;1.5449;2.1100;1.1804;0.3730;0.7713;4.5476;0.861;;;;1.6381;1.6381;219015;1.5514;1.5514;219015;2.9404;2.1711;218997;1.5514;1.1935;219015;3.3796;3.3796;217099;roh-lapse;0.0042;0.2391;0.4563
spurR;A;DE;td;120-240;182197;2.2599;3.0038;1.7139;0.6889;0.8104;7.3541;0.962;;;;2.2469;2.2469;182197;2.1815;2.1815;182197;2.9764;2.2297;182187;2.1815;1.6647;182197;4.0143;4.0143;180476;roh-lapse;-0.0359;0.2144;0.2313
spurR;A;DE;td;240-336;145825;2.6527;3.3327;1.9613;-0.8842;0.8029;8.5727;1.009;;;;2.8725;2.8725;145825;2.8146;2.8146;145825;2.8954;2.1407;145817;2.8146;2.1230;145825;4.0045;4.0045;144398;roh-lapse;0.0575;0.3032;0.0838
spurR;A;DE;wet;0-6;17744;;;0.0414;;;;;;;;;0.0712;17744;;0.0712;17744;;0.0791;53018;;0.0712;17744;;0.0925;52995;;;;0.4771
spurR;A;DE;wet;48-120;213661;;;0.0970;;;;;;;;;0.1726;213661;;0.1726;213661;;0.1073;212779;;0.1726;213661;;0.2035;211462;;;;0.0966
spurR;A;DE;wet;120-240;177749;;;0.1213;;;;;;;;;0.2563;177749;;0.2563;177749;;0.1250;177040;;0.2563;177749;;0.2543;175670;;;;0.0299
spurR;A;DE;wet;240-336;142202;;;0.1177;;;;;;;;;0.3195;142202;;0.3195;142202;;0.1229;141657;;0.3195;142202;;0.2428;140484;;;;0.0420
spurR;A;DE;ws;0-6;18087;0.9466;1.4286;0.7149;-0.3984;0.8018;2.6930;0.791;;;;1.0759;1.0759;18087;1.0759;1.0759;18087;1.2913;0.9611;54135;1.0759;0.8579;18087;0.8528;0.8528;54133;roh;0.1202;0.3355;0.2561
spurR;A;DE;ws;48-120;218165;1.2564;1.7627;0.9483;-0.0581;0.7743;3.5726;0.826;;;;1.4412;1.4412;218165;1.4412;1.4412;218165;1.4189;1.0552;217579;1.4412;1.1034;218165;1.8313;1.8313;215688;roh;0.1283;0.3421;0.1014
spurR;A;DE;ws;120-240;181437;1.3915;1.9871;1.0429;-0.4833;0.8233;4.3184;0.904;;;;1.6482;1.6482;181437;1.6482;1.6482;181437;1.3842;1.0275;180984;1.6482;1.2504;181437;1.8773;1.8773;179292;roh;0.1558;0.3672;-0.0150
spurR;A;DE;ws;240-336;145233;1.4685;1.9759;1.0876;0.0400;0.8480;5.0900;1.069;;;;1.8397;1.8397;145233;1.8397;1.8397;145233;1.3959;1.0367;144883;1.8397;1.3697;145233;1.8858;1.8858;143472;roh;0.2018;0.4088;-0.0491
spurR;B;alle;clct;0-6;6409;14.0542;28.4442;10.9333;1.7351;0.9310;49.3338;0.789;;;;15.5455;15.5455;6409;15.5455;15.5455;6409;32.8696;22.4668;19222;15.5455;12.4585;6409;18.2307;18.2307;18837;roh;0.0959;0.2967;0.5134
spurR;B;alle;clct;48-120;77063;34.6725;39.0759;23.6911;-7.4702;0.8326;83.4770;0.916;;;;26.0115;26.0115;12791;26.0115;26.0115;12791;31.3394;21.6422;77017;26.0115;18.7933;12791;37.7982;37.7982;74949;;;;-0.0947
spurR;B;alle;clct;120-240;64036;36.0446;40.0321;24.2042;-6.5484;0.8584;86.9583;0.956;;;;33.0122;33.0122;21225;33.0122;33.0122;21225;32.8412;22.5866;63999;33.0122;23.0932;21225;41.1396;41.1396;62311;;;;-0.0716
spurR;B;alle;clct;240-336;51208;37.3795;41.6685;24.7503;-3.2607;0.8668;87.1284;0.940;;;;40.8676;40.8676;16974;40.8676;40.8676;16974;32.8834;22.5664;51185;40.8676;27.7548;16974;40.4782;40.4782;49892;;;;-0.0968
spurR;B;alle;dd;0-6;6555;;;23.0540;;;;;;;;;31.8548;9284;;31.8548;9284;;;;;;;;33.0689;27675;;;;
spurR;B;alle;dd;48-120;73008;;;34.9336;;;;;;;;;49.5487;126481;;49.5487;126481;;;;;;;;76.6259;124473;;;;
spurR;B;alle;dd;120-240;34146;;;41.0858;;;;;;;;;58.5597;104052;;58.5597;104052;;;;;;;;81.3700;102389;;;;
spurR;B;alle;dd;240-336;24103;;;70.7695;;;;;;;;;74.4113;83378;;74.4113;83378;;;;;;;;81.5523;82047;;;;
spurR;B;alle;gust;0-6;12953;1.3617;1.8779;1.0290;0.1008;0.8353;4.5329;0.975;;;;1.5644;1.5644;12953;1.5644;1.5644;12953;2.2105;1.6626;38855;1.5644;1.2093;12953;1.3780;1.3780;38427;roh;0.1296;0.3423;0.3811
spurR;B;alle;gust;48-120;155572;2.5633;3.4922;2.0168;-0.3852;0.8232;9.4190;1.248;;;;2.7813;2.7813;84474;2.7813;2.7813;84474;2.5587;1.9213;155567;2.7813;2.1442;84474;3.3948;3.3948;153044;roh;0.0784;0.2748;-0.0497
spurR;B;alle;gust;120-240;129394;3.0967;4.7276;2.4802;-1.4175;0.8098;10.0641;0.954;;;;3.1631;3.1631;70227;3.1631;3.1631;70227;2.6673;2.0041;129386;3.1631;2.4273;70227;3.6932;3.6932;127162;roh;0.0210;0.2159;-0.2375
spurR;B;alle;gust;240-336;103629;3.0817;4.4536;2.4354;-1.2110;0.8212;10.3082;1.028;;;;3.7180;3.7180;56257;3.7180;3.7180;56257;2.7007;2.0296;103620;3.7180;2.8354;56257;3.6688;3.6688;101827;roh;0.1711;0.3450;-0.1999
spurR;B;alle;precip;0-6;12857;0.0859;0.4600;0.0678;-0.0738;0.9705;0.3268;0.906;;;;0.0965;0.0965;12857;0.0965;0.0965;12857;0.1181;0.1179;38562;0.0965;0.1195;12857;0.1647;0.1647;38482;roh;0.1099;0.2982;0.4253
spurR;B;alle;precip;48-120;154203;0.1155;0.5125;0.1072;-0.1148;0.8581;0.1087;0.219;;;;0.1686;0.1686;154203;0.1686;0.1686;154203;0.1160;0.1142;154203;0.1686;0.1762;154203;0.2223;0.2223;153473;roh;0.3148;0.3644;0.0616
spurR;B;alle;precip;120-240;128417;0.1133;0.4488;0.1076;-0.1133;0.8054;0.0749;0.128;;;;0.1699;0.1699;128417;0.1699;0.1699;128417;0.1135;0.1100;128417;0.1699;0.1540;128417;0.2180;0.2180;127736;roh;0.3328;0.3664;0.0215
spurR;B;alle;precip;240-336;102768;0.1170;0.4606;0.1125;-0.1170;0.8011;0.0707;0.063;;;;0.1960;0.1960;102768;0.1960;0.1960;102768;0.1172;0.1138;102768;0.1960;0.1703;102768;0.2207;0.2207;102222;roh;0.4032;0.4260;0.0112
spurR;B;alle;t;0-6;12988;1.0178;1.3957;0.7946;0.0703;0.9039;4.3815;1.252;;;;1.2548;1.2548;12988;1.2768;1.2768;12988;2.8024;2.1256;38964;1.2768;1.0182;12988;1.0137;1.0137;38962;roh;0.1889;0.3668;0.6262
spurR;B;alle;t;48-120;155919;1.8805;2.5461;1.4321;0.2228;0.7563;5.2498;0.813;;;;2.5005;2.5005;155919;1.8340;1.8340;155919;3.1270;2.3267;155919;1.8340;1.4134;155919;3.8131;3.8131;155495;roh-lapse;-0.0254;0.2192;0.3845
spurR;B;alle;t;120-240;129858;2.3277;3.0812;1.7480;0.5317;0.7985;7.3626;0.961;;;;2.8283;2.8283;129858;2.2729;2.2729;129858;3.0750;2.2987;129858;2.2729;1.7370;129858;4.2952;4.2952;129480;roh-lapse;-0.0241;0.2309;0.2396
spurR;B;alle;t;240-336;103934;2.8516;3.6039;2.1108;-0.0722;0.7888;8.9053;0.979;;;;3.5144;3.5144;103934;3.0638;3.0638;103934;3.0464;2.2702;103934;3.0638;2.3035;103934;4.3318;4.3318;103628;roh-lapse;0.0693;0.3110;0.0702
spurR;B;alle;td;0-6;12958;0.9334;1.3651;0.7103;0.2024;0.7680;2.7075;0.820;;;;1.2347;1.2347;12958;1.0082;1.0082;12958;2.8790;2.1829;38867;1.0082;0.7884;12958;0.8657;0.8657;38871;roh-lapse;0.0742;0.2955;0.6746
spurR;B;alle;td;48-120;155705;1.8124;2.5618;1.4011;0.1754;0.7319;4.7214;0.743;;;;2.3073;2.3073;155705;1.8581;1.8581;155705;2.9572;2.1910;155663;1.8581;1.4273;155705;3.3649;3.3649;155051;roh-lapse;0.0246;0.2459;0.3605
spurR;B;alle;td;120-240;129614;2.2736;3.0637;1.7305;0.5719;0.8148;7.3989;0.951;;;;2.6543;2.6543;129614;2.2478;2.2478;129614;2.9553;2.2132;129585;2.2478;1.7205;129614;3.9554;3.9554;129028;roh-lapse;-0.0115;0.2301;0.2181
spurR;B;alle;td;240-336;103749;2.8335;3.5581;2.0879;-1.0488;0.7810;8.6874;0.959;;;;3.3071;3.3071;103749;2.9177;2.9177;103749;2.9220;2.1728;103724;2.9177;2.2143;103749;4.0272;4.0272;103239;roh-lapse;0.0289;0.2844;0.0391
spurR;B;alle;wet;0-6;12857;;;0.0544;;;;;;;;;0.0909;12857;;0.0909;12857;;0.1070;38562;;0.0909;12857;;0.1069;38482;;;;0.4915
spurR;B;alle;wet;48-120;154203;;;0.1063;;;;;;;;;0.1850;154203;;0.1850;154203;;0.1169;154203;;0.1850;154203;;0.2228;153473;;;;0.0909
spurR;B;alle;wet;120-240;128417;;;0.1294;;;;;;;;;0.2759;128417;;0.2759;128417;;0.1323;128417;;0.2759;128417;;0.2658;127736;;;;0.0215
spurR;B;alle;wet;240-336;102768;;;0.1307;;;;;;;;;0.3538;102768;;0.3538;102768;;0.1333;102768;;0.3538;102768;;0.2623;102222;;;;0.0194
spurR;B;alle;ws;0-6;12953;1.0404;1.4991;0.7756;-0.2569;0.7690;2.9129;0.835;;;;1.1820;1.1820;12953;1.1820;1.1820;12953;1.2999;0.9792;38858;1.1820;0.9347;12953;0.9009;0.9009;38428;roh;0.1198;0.3438;0.2079
spurR;B;alle;ws;48-120;155714;1.3318;1.9050;1.0086;-0.1959;0.7283;3.3846;0.738;;;;1.5412;1.5412;155714;1.5412;1.5412;155714;1.3878;1.0401;155714;1.5412;1.1806;155714;1.8460;1.8460;153248;roh;0.1359;0.3456;0.0303
spurR;B;alle;ws;120-240;129615;1.4773;2.1279;1.1103;-0.4500;0.7638;4.0157;0.792;;;;1.6830;1.6830;129615;1.6830;1.6830;129615;1.3743;1.0301;129615;1.6830;1.2775;129615;1.8912;1.8912;127519;roh;0.1222;0.3403;-0.0778
spurR;B;alle;ws;240-336;103757;1.5859;2.1343;1.1729;0.0751;0.7728;4.7491;0.942;;;;1.8449;1.8449;103757;1.8449;1.8449;103757;1.3761;1.0308;103757;1.8449;1.3826;103757;1.8855;1.8855;102066;roh;0.1403;0.3642;-0.1378
spurR;B;AT;dd;0-6;931;;;29.3990;;;;;;;;;41.6454;1583;;41.6454;1583;;;;;;;;38.9195;4796;;;;
spurR;B;AT;dd;48-120;9719;;;40.2325;;;;;;;;;58.0587;23476;;58.0587;23476;;;;;;;;76.8377;23473;;;;
spurR;B;AT;dd;120-240;3940;;;43.5235;;;;;;;;;66.2394;19099;;66.2394;19099;;;;;;;;81.2970;19099;;;;
spurR;B;AT;dd;240-336;4226;;;78.1569;;;;;;;;;78.1850;15484;;78.1850;15484;;;;;;;;80.1259;15484;;;;
spurR;B;AT;gust;0-6;2800;1.3560;1.9079;1.0379;0.0021;0.8418;4.5741;0.970;;;;1.6319;1.6319;2800;1.6319;1.6319;2800;1.8776;1.4285;8400;1.6319;1.2809;2800;1.3131;1.3131;8400;roh;0.1691;0.3640;0.2734
spurR;B;AT;gust;48-120;33566;2.5673;3.5067;2.0229;-0.1442;0.8288;9.4918;1.260;;;;2.9009;2.9009;18227;2.9009;2.9009;18227;2.2919;1.7319;33566;2.9009;2.2356;18227;3.1253;3.1253;33557;roh;0.1150;0.3027;-0.1680
spurR;B;AT;gust;120-240;27971;3.5153;6.4363;2.9346;-0.5017;0.8133;10.1670;0.713;;;;3.0907;3.0907;15183;3.0907;3.0907;15183;2.3698;1.7995;27971;3.0907;2.3970;15183;3.3284;3.3284;27956;roh;-0.1374;0.0505;-0.6307
spurR;B;AT;gust;240-336;22386;3.2964;5.3174;2.6950;-0.5727;0.8238;10.4621;0.882;;;;3.8563;3.8563;12154;3.8563;3.8563;12154;2.4454;1.8553;22386;3.8563;2.9730;12154;3.4525;3.4525;22374;roh;0.1452;0.3012;-0.4526
spurR;B;AT;precip;0-6;2800;0.0847;0.3996;0.0659;-0.0690;0.9779;0.3279;1.076;;;;0.0940;0.0940;2800;0.0940;0.0940;2800;0.1086;0.1074;8400;0.0940;0.1176;2800;0.1641;0.1641;8400;roh;0.0994;0.2998;0.3866
spurR;B;AT;precip;48-120;33555;0.1245;0.5510;0.1149;-0.1233;0.8728;0.1245;0.230;;;;0.1867;0.1867;33555;0.1867;0.1867;33555;0.1253;0.1223;33555;0.1867;0.1947;33555;0.2272;0.2272;33534;roh;0.3331;0.3845;0.0606
spurR;B;AT;precip;120-240;27974;0.1175;0.4905;0.1107;-0.1174;0.8339;0.0915;0.144;;;;0.1824;0.1824;27974;0.1824;0.1824;27974;0.1175;0.1125;27974;0.1824;0.1670;27974;0.2145;0.2145;27949;roh;0.3559;0.3932;0.0167
spurR;B;AT;precip;240-336;22377;0.1309;0.5283;0.1262;-0.1309;0.8484;0.1536;0.109;;;;0.2198;0.2198;22377;0.2198;0.2198;22377;0.1309;0.1256;22377;0.2198;0.1933;22377;0.2268;0.2268;22357;roh;0.4045;0.4260;-0.0042
spurR;B;AT;t;0-6;2940;1.1282;1.5314;0.8825;0.1664;0.9095;4.9481;1.282;;;;1.4297;1.4297;2940;1.5957;1.5957;2940;2.6164;1.9841;8820;1.5957;1.2775;2940;1.0489;1.0489;8820;roh;0.2109;0.3827;0.5552
spurR;B;AT;t;48-120;35262;1.9708;2.6371;1.4960;0.1115;0.7586;5.5788;0.834;;;;2.9830;2.9830;35262;1.9941;1.9941;35262;3.1843;2.3705;35262;1.9941;1.5299;35262;3.8092;3.8092;35259;roh-lapse;0.0117;0.2498;0.3689
spurR;B;AT;t;120-240;29396;2.5331;3.4688;1.9373;0.5358;0.8056;7.8624;0.909;;;;3.1750;3.1750;29396;2.3059;2.3059;29396;3.0560;2.2919;29396;2.3059;1.7500;29396;4.3406;4.3406;29396;roh-lapse;-0.0985;0.1599;0.1547
spurR;B;AT;t;240-336;23516;2.8706;3.6354;2.1259;-0.1591;0.8082;9.3127;1.014;;;;3.8581;3.8581;23516;3.1164;3.1164;23516;3.0591;2.2776;23516;3.1164;2.3501;23516;4.4401;4.4401;23516;roh-lapse;0.0789;0.3178;0.0666
spurR;B;AT;td;0-6;2940;0.9372;1.3093;0.7150;0.1518;0.7663;2.7561;0.862;;;;1.3884;1.3884;2940;1.1406;1.1406;2940;2.8868;2.1695;8820;1.1406;0.9025;2940;0.7600;0.7600;8820;roh-lapse;0.1784;0.3732;0.6704
spurR;B;AT;td;48-120;35279;1.8858;2.6175;1.4592;-0.0906;0.7206;4.8333;0.751;;;;2.6599;2.6599;35279;1.9703;1.9703;35279;3.0314;2.2327;35279;1.9703;1.5092;35279;3.3086;3.3086;35276;roh-lapse;0.0429;0.2594;0.3464
spurR;B;AT;td;120-240;29400;2.3431;3.1494;1.7880;0.3231;0.8107;7.5630;0.946;;;;2.8466;2.8466;29400;2.2728;2.2728;29400;3.0017;2.2485;29400;2.2728;1.7398;29400;3.8216;3.8216;29400;roh-lapse;-0.0309;0.2133;0.2048
spurR;B;AT;td;240-336;23520;2.8887;3.5482;2.1083;-1.2129;0.7844;8.8751;0.983;;;;3.5838;3.5838;23520;3.0027;3.0027;23520;2.9558;2.1995;23520;3.0027;2.2721;23520;4.0107;4.0107;23520;roh-lapse;0.0380;0.2979;0.0414
spurR;B;AT;wet;0-6;2800;;;0.0582;;;;;;;;;0.0768;2800;;0.0768;2800;;0.1027;8400;;0.0768;2800;;0.0977;8400;;;;0.4334
spurR;B;AT;wet;48-120;33555;;;0.1070;;;;;;;;;0.1942;33555;;0.1942;33555;;0.1171;33555;;0.1942;33555;;0.2167;33534;;;;0.0864
spurR;B;AT;wet;120-240;27974;;;0.1221;;;;;;;;;0.2829;27974;;0.2829;27974;;0.1222;27974;;0.2829;27974;;0.2385;27949;;;;0.0011
spurR;B;AT;wet;240-336;22377;;;0.1305;;;;;;;;;0.3657;22377;;0.3657;22377;;0.1292;22377;;0.3657;22377;;0.2455;22357;;;;-0.0101
spurR;B;AT;ws;0-6;2800;0.9204;1.2832;0.6766;0.0542;0.7704;2.8288;0.976;;;;1.0807;1.0807;2800;1.0807;1.0807;2800;1.0263;0.7785;8400;1.0807;0.8630;2800;0.7983;0.7983;8400;roh;0.1483;0.3739;0.1308
spurR;B;AT;ws;48-120;33586;1.2983;1.8995;0.9777;-0.0365;0.6960;3.1294;0.692;;;;1.4876;1.4876;33586;1.4876;1.4876;33586;1.1381;0.8551;33586;1.4876;1.1483;33586;1.5362;1.5362;33583;roh;0.1273;0.3428;-0.1433
spurR;B;AT;ws;120-240;27993;1.3395;1.9349;0.9915;-0.0421;0.7508;3.6853;0.805;;;;1.5070;1.5070;27993;1.5070;1.5070;27993;1.1205;0.8467;27993;1.5070;1.1607;27993;1.5413;1.5413;27993;roh;0.1111;0.3421;-0.1710
spurR;B;AT;ws;240-336;22398;1.5445;2.0394;1.1245;0.4551;0.7250;4.3841;0.934;;;;1.6358;1.6358;22398;1.6358;1.6358;22398;1.1383;0.8581;22398;1.6358;1.2525;22398;1.5949;1.5949;22398;roh;0.0558;0.3126;-0.3104
spurR;B;CH;dd;0-6;1314;;;39.9435;;;;;;;;;48.8086;2365;;48.8086;2365;;;;;;;;40.3127;6758;;;;
spurR;B;CH;dd;48-120;9389;;;45.3710;;;;;;;;;64.0508;32851;;64.0508;32851;;;;;;;;71.5792;31470;;;;
spurR;B;CH;dd;120-240;2755;;;52.6735;;;;;;;;;67.0490;26862;;67.0490;26862;;;;;;;;76.7365;25750;;;;
spurR;B;CH;dd;240-336;4393;;;73.2704;;;;;;;;;77.2300;21389;;77.2300;21389;;;;;;;;75.7773;20503;;;;
spurR;B;CH;gust;0-6;3772;1.7285;2.3287;1.2927;0.5514;0.7906;5.1241;0.891;;;;2.0559;2.0559;3772;2.0559;2.0559;3772;2.2506;1.7227;11313;2.0559;1.5981;3772;1.5170;1.5170;10893;roh;0.1592;0.3712;0.2496
spurR;B;CH;gust;48-120;45302;2.8121;3.8988;2.2046;-0.2024;0.8119;9.7370;1.167;;;;3.1420;3.1420;24598;3.1420;3.1420;24598;2.6505;2.0256;45302;3.1420;2.4489;24598;3.5970;3.5970;43506;roh;0.1050;0.2983;-0.0884
spurR;B;CH;gust;120-240;37715;3.0810;4.4196;2.4585;-1.4296;0.8229;10.3865;1.063;;;;3.5556;3.5556;20489;3.5556;3.5556;20489;2.8699;2.1886;37715;3.5556;2.7498;20489;4.0340;4.0340;36184;roh;0.1335;0.3086;-0.1233
spurR;B;CH;gust;240-336;30186;3.1311;4.4874;2.4786;-1.0816;0.8349;10.6443;1.064;;;;4.1057;4.1057;16404;4.1057;4.1057;16404;2.8906;2.2041;30186;4.1057;3.1677;16404;3.9530;3.9530;28961;roh;0.2374;0.3963;-0.1245
spurR;B;CH;precip;0-6;3633;0.1252;0.5680;0.0990;-0.1030;0.9664;0.5033;0.982;;;;0.1497;0.1497;3633;0.1497;0.1497;3633;0.1925;0.1917;10901;0.1497;0.1687;3633;0.2498;0.2498;10896;roh;0.1637;0.3390;0.4835
spurR;B;CH;precip;48-120;43656;0.1523;0.6037;0.1398;-0.1512;0.8514;0.1337;0.229;;;;0.2105;0.2105;43656;0.2105;0.2105;43656;0.1530;0.1500;43656;0.2105;0.2129;43656;0.2942;0.2942;43562;roh;0.2763;0.3357;0.0678
spurR;B;CH;precip;120-240;36345;0.1528;0.5493;0.1439;-0.1528;0.7906;0.0977;0.130;;;;0.2226;0.2226;36345;0.2226;0.2226;36345;0.1529;0.1482;36345;0.2226;0.1970;36345;0.2937;0.2937;36255;roh;0.3135;0.3533;0.0285
spurR;B;CH;precip;240-336;29101;0.1563;0.5504;0.1495;-0.1563;0.7946;0.0844;0.035;;;;0.2558;0.2558;29101;0.2558;0.2558;29101;0.1564;0.1513;29101;0.2558;0.2167;29101;0.2989;0.2989;29029;roh;0.3890;0.4154;0.0118
spurR;B;CH;t;0-6;3640;1.1781;1.5779;0.9147;0.0839;0.9039;5.0274;1.258;;;;1.7706;1.7706;3640;1.6735;1.6735;3640;2.6937;2.0631;10920;1.6735;1.3111;3640;0.9055;0.9055;10920;roh-lapse;0.2961;0.4534;0.5566
spurR;B;CH;t;48-120;43679;2.2452;3.0327;1.7211;0.0180;0.7051;5.5478;0.721;;;;3.4617;3.4617;43679;2.1360;2.1360;43679;3.1477;2.3489;43679;2.1360;1.6469;43679;3.7599;3.7599;43655;roh-lapse;-0.0511;0.1942;0.2673
spurR;B;CH;t;120-240;36395;2.3315;3.0485;1.7394;0.3240;0.8129;7.6496;1.006;;;;3.5759;3.5759;36395;2.3904;2.3904;36395;3.0833;2.3141;36395;2.3904;1.8326;36395;4.1290;4.1290;36380;roh-lapse;0.0246;0.2723;0.2484
spurR;B;CH;t;240-336;29116;2.9861;3.7506;2.2042;-0.2220;0.7795;9.1407;0.964;;;;4.1414;4.1414;29116;3.1817;3.1817;29116;3.1547;2.3561;29116;3.1817;2.3779;29116;4.3056;4.3056;29104;roh-lapse;0.0615;0.3072;0.0645
spurR;B;CH;td;0-6;3632;1.1608;1.7643;0.8910;0.0887;0.7544;3.2702;0.780;;;;2.0369;2.0369;3632;1.4447;1.4447;3632;2.7917;2.1105;10895;1.4447;1.1185;3632;0.9770;0.9770;10895;roh-lapse;0.1965;0.3833;0.5778
spurR;B;CH;td;48-120;43612;2.2112;3.1799;1.7346;-0.0210;0.6716;4.9399;0.632;;;;3.2521;3.2521;43612;2.2407;2.2407;43612;2.9463;2.1978;43612;2.2407;1.7314;43612;3.3965;3.3965;43542;roh-lapse;0.0132;0.2259;0.2107
spurR;B;CH;td;120-240;36326;2.2584;3.1649;1.7313;0.4285;0.8235;7.3553;0.918;;;;3.3516;3.3516;36326;2.3891;2.3891;36326;2.9200;2.1847;36326;2.3891;1.8403;36326;4.0276;4.0276;36268;roh-lapse;0.0547;0.2753;0.2075
spurR;B;CH;td;240-336;29059;3.0953;3.9509;2.2946;-1.2719;0.7426;8.7194;0.869;;;;3.9407;3.9407;29059;3.0551;3.0551;29059;2.9665;2.2189;29059;3.0551;2.3466;29059;4.1405;4.1405;28999;roh-lapse;-0.0132;0.2489;-0.0341
spurR;B;CH;wet;0-6;3633;;;0.0769;;;;;;;;;0.1244;3633;;0.1244;3633;;0.1552;10901;;0.1244;3633;;0.1299;10896;;;;0.5043
spurR;B;CH;wet;48-120;43656;;;0.1234;;;;;;;;;0.2010;43656;;0.2010;43656;;0.1360;43656;;0.2010;43656;;0.2646;43562;;;;0.0929
spurR;B;CH;wet;120-240;36345;;;0.1522;;;;;;;;;0.3119;36345;;0.3119;36345;;0.1556;36345;;0.3119;36345;;0.3122;36255;;;;0.0222
spurR;B;CH;wet;240-336;29101;;;0.1556;;;;;;;;;0.4069;29101;;0.4069;29101;;0.1575;29101;;0.4069;29101;;0.3131;29029;;;;0.0119
spurR;B;CH;ws;0-6;3772;1.1017;1.5743;0.8108;0.0605;0.7789;3.3427;0.926;;;;1.3236;1.3236;3772;1.3236;1.3236;3772;1.2353;0.9453;11313;1.3236;1.0670;3772;0.9465;0.9465;10893;roh;0.1676;0.3874;0.1423
spurR;B;CH;ws;48-120;45307;1.3378;1.9840;1.0170;-0.1918;0.7156;3.2340;0.696;;;;1.6298;1.6298;45307;1.6298;1.6298;45307;1.2926;0.9861;45307;1.6298;1.2516;45307;1.7720;1.7720;43534;roh;0.1792;0.3760;-0.0314
spurR;B;CH;ws;120-240;37733;1.4642;2.1698;1.1114;-0.2856;0.7325;3.6705;0.720;;;;1.7179;1.7179;37733;1.7179;1.7179;37733;1.3004;0.9923;37733;1.7179;1.3085;37733;1.8251;1.8251;36246;roh;0.1477;0.3530;-0.1201
spurR;B;CH;ws;240-336;30195;1.6258;2.2153;1.2051;0.2690;0.7188;4.3248;0.841;;;;1.7856;1.7856;30195;1.7856;1.7856;30195;1.2871;0.9822;30195;1.7856;1.3462;30195;1.7901;1.7901;29004;roh;0.0895;0.3251;-0.2270
spurR;B;DE;clct;0-6;6409;14.0542;28.4442;10.9333;1.7351;0.9310;49.3338;0.789;;;;15.5455;15.5455;6409;15.5455;15.5455;6409;32.8696;22.4668;19222;15.5455;12.4585;6409;18.2307;18.2307;18837;roh;0.0959;0.2967;0.5134
spurR;B;DE;clct;48-120;77063;34.6725;39.0759;23.6911;-7.4702;0.8326;83.4770;0.916;;;;26.0115;26.0115;12791;26.0115;26.0115;12791;31.3394;21.6422;77017;26.0115;18.7933;12791;37.7982;37.7982;74949;;;;-0.0947
spurR;B;DE;clct;120-240;64036;36.0446;40.0321;24.2042;-6.5484;0.8584;86.9583;0.956;;;;33.0122;33.0122;21225;33.0122;33.0122;21225;32.8412;22.5866;63999;33.0122;23.0932;21225;41.1396;41.1396;62311;;;;-0.0716
spurR;B;DE;clct;240-336;51208;37.3795;41.6685;24.7503;-3.2607;0.8668;87.1284;0.940;;;;40.8676;40.8676;16974;40.8676;40.8676;16974;32.8834;22.5664;51185;40.8676;27.7548;16974;40.4782;40.4782;49892;;;;-0.0968
spurR;B;DE;dd;0-6;4310;;;16.5343;;;;;;;;;21.4361;5336;;21.4361;5336;;;;;;;;28.2917;16121;;;;
spurR;B;DE;dd;48-120;53900;;;32.1600;;;;;;;;;39.9100;70154;;39.9100;70154;;;;;;;;78.8386;69530;;;;
spurR;B;DE;dd;120-240;27451;;;39.5730;;;;;;;;;52.1092;58091;;52.1092;58091;;;;;;;;83.4678;57540;;;;
spurR;B;DE;dd;240-336;15484;;;68.0437;;;;;;;;;71.8584;46505;;71.8584;46505;;;;;;;;84.6025;46060;;;;
spurR;B;DE;gust;0-6;6381;1.1474;1.5348;0.8691;-0.1222;0.8590;4.1654;1.080;;;;1.2443;1.2443;6381;1.2443;1.2443;6381;2.3329;1.7297;19142;1.2443;0.9480;6381;1.3273;1.3273;19134;roh;0.0778;0.3015;0.4976
spurR;B;DE;gust;48-120;76704;2.4147;3.2213;1.9033;-0.5988;0.8274;9.1994;1.308;;;;2.5159;2.5159;41649;2.5159;2.5159;41649;2.6213;1.9426;76699;2.5159;1.9242;41649;3.3981;3.3981;75981;roh;0.0402;0.2435;0.0202
spurR;B;DE;gust;120-240;63708;2.9222;3.9551;2.2936;-1.8124;0.8006;9.8280;1.101;;;;2.9621;2.9621;34555;2.9621;2.9621;34555;2.6780;1.9848;63700;2.9621;2.2494;34555;3.6594;3.6594;63022;roh;0.0135;0.2257;-0.1556
spurR;B;DE;gust;240-336;51057;2.9584;3.9943;2.2960;-1.5673;0.8120;10.0420;1.103;;;;3.4277;3.4277;27699;3.4277;3.4277;27699;2.7004;2.0029;51048;3.4277;2.5783;27699;3.6016;3.6016;50492;roh;0.1369;0.3302;-0.1464
spurR;B;DE;precip;0-6;6424;0.0643;0.4140;0.0509;-0.0594;0.9697;0.2265;0.729;;;;0.0675;0.0675;6424;0.0675;0.0675;6424;0.0801;0.0808;19261;0.0675;0.0925;6424;0.1166;0.1166;19186;roh;0.0486;0.2459;0.3694
spurR;B;DE;precip;48-120;76992;0.0908;0.4326;0.0853;-0.0904;0.8555;0.0877;0.200;;;;0.1370;0.1370;76992;0.1370;0.1370;76992;0.0909;0.0904;76992;0.1370;0.1474;76992;0.1790;0.1790;76377;roh;0.3373;0.3773;0.0564
spurR;B;DE;precip;120-240;64098;0.0891;0.3570;0.0857;-0.0891;0.8012;0.0548;0.110;;;;0.1345;0.1345;64098;0.1345;0.1345;64098;0.0894;0.0872;64098;0.1345;0.1240;64098;0.1762;0.1762;63532;roh;0.3372;0.3630;0.0174
spurR;B;DE;precip;240-336;51290;0.0887;0.3626;0.0856;-0.0887;0.7841;0.0268;0.016;;;;0.1518;0.1518;51290;0.1518;0.1518;51290;0.0890;0.0874;51290;0.1518;0.1339;51290;0.1733;0.1733;50836;roh;0.4159;0.4361;0.0203
spurR;B;DE;t;0-6;6408;0.8761;1.2073;0.6860;0.0184;0.9014;3.7546;1.225;;;;0.8816;0.8816;6408;0.9051;0.9051;6408;2.9496;2.2261;19224;0.9051;0.7329;6408;1.0590;1.0590;19222;roh;0.0063;0.2219;0.6918
spurR;B;DE;t;48-120;76978;1.6322;2.1740;1.2388;0.3899;0.7842;4.9299;0.892;;;;1.7340;1.7340;76978;1.5893;1.5893;76978;3.0890;2.2940;76978;1.5893;1.2276;76978;3.8453;3.8453;76581;roh-lapse;-0.0270;0.2205;0.4600
spurR;B;DE;t;120-240;64067;2.2313;2.9057;1.6660;0.6479;0.7870;6.9702;0.966;;;;2.2445;2.2445;64067;2.1910;2.1910;64067;3.0789;2.2930;64067;2.1910;1.6768;64067;4.3692;4.3692;63704;roh-lapse;-0.0184;0.2396;0.2734
spurR;B;DE;t;240-336;51302;2.7667;3.5031;2.0510;0.0526;0.7852;8.5850;0.971;;;;3.0010;3.0010;51302;2.9729;2.9729;51302;2.9791;2.2182;51302;2.9729;2.2399;51302;4.2969;4.2969;51008;roh-lapse;0.0694;0.3101;0.0754
spurR;B;DE;td;0-6;6386;0.8024;1.1053;0.6053;0.2903;0.7765;2.3650;0.847;;;;0.7077;0.7077;6386;0.6990;0.6990;6386;2.9251;2.2302;19152;0.6990;0.5481;6386;0.8510;0.8510;19156;roh-lapse;-0.1478;0.1341;0.7286
spurR;B;DE;td;48-120;76814;1.5523;2.1014;1.1851;0.4091;0.7714;4.5459;0.862;;;;1.6090;1.6090;76814;1.5894;1.5894;76814;2.9293;2.1680;76772;1.5894;1.2171;76814;3.3730;3.3730;76233;roh-lapse;0.0233;0.2543;0.4534
spurR;B;DE;td;120-240;63888;2.2502;2.9637;1.7036;0.7680;0.8117;7.3482;0.974;;;;2.1693;2.1693;63888;2.1559;2.1559;63888;2.9540;2.2132;63859;2.1559;1.6434;63888;3.9762;3.9762;63360;roh-lapse;-0.0438;0.2098;0.2302
spurR;B;DE;td;240-336;51170;2.6595;3.3193;1.9611;-0.8467;0.8012;8.5830;1.014;;;;2.8201;2.8201;51170;2.8007;2.8007;51170;2.8813;2.1344;51145;2.8007;2.1126;51170;3.9701;3.9701;50720;roh-lapse;0.0504;0.2998;0.0812
spurR;B;DE;wet;0-6;6424;;;0.0400;;;;;;;;;0.0780;6424;;0.0780;6424;;0.0817;19261;;0.0780;6424;;0.0978;19186;;;;0.5096
spurR;B;DE;wet;48-120;76992;;;0.0963;;;;;;;;;0.1720;76992;;0.1720;76992;;0.1060;76992;;0.1720;76992;;0.2017;76377;;;;0.0917
spurR;B;DE;wet;120-240;64098;;;0.1197;;;;;;;;;0.2525;64098;;0.2525;64098;;0.1234;64098;;0.2525;64098;;0.2513;63532;;;;0.0296
spurR;B;DE;wet;240-336;51290;;;0.1166;;;;;;;;;0.3186;51290;;0.3186;51290;;0.1213;51290;;0.3186;51290;;0.2407;50836;;;;0.0387
spurR;B;DE;ws;0-6;6381;1.0568;1.5410;0.7983;-0.5811;0.7626;2.6956;0.720;;;;1.1427;1.1427;6381;1.1427;1.1427;6381;1.4580;1.0874;19145;1.1427;0.8879;6381;0.9201;0.9201;19135;roh;0.0752;0.3014;0.2658
spurR;B;DE;ws;48-120;76821;1.3429;1.8593;1.0172;-0.2680;0.7498;3.5850;0.785;;;;1.5124;1.5124;76821;1.5124;1.5124;76821;1.5531;1.1528;76821;1.5124;1.1529;76821;2.0250;2.0250;76131;roh;0.1121;0.3274;0.1177
spurR;B;DE;ws;120-240;63889;1.5454;2.1829;1.1616;-0.7258;0.7880;4.3643;0.826;;;;1.7394;1.7394;63889;1.7394;1.7394;63889;1.5291;1.1328;63889;1.7394;1.3104;63889;2.0838;2.0838;63280;roh;0.1115;0.3322;-0.0255
spurR;B;DE;ws;240-336;51164;1.5805;2.1261;1.1750;-0.2057;0.8256;5.1593;1.004;;;;1.9713;1.9713;51164;1.9713;1.9713;51164;1.5327;1.1351;51164;1.9713;1.4610;51164;2.0686;2.0686;50664;roh;0.1982;0.4039;-0.0352
entwicklung;A;alle;clct;0-6;15580;17.6142;30.8206;13.0351;2.5624;0.9260;58.5691;0.865;22.1909;22.1909;15580;19.4831;19.4831;15580;19.4831;19.4831;15580;30.6426;21.3333;15580;20.4772;15.0200;15580;23.3844;23.3844;15538;roh;0.0959;0.3310;0.3890
entwicklung;A;alle;clct;6-24;46581;19.5077;30.9330;14.4437;-1.1965;0.9233;68.0959;0.957;24.0558;24.0558;46581;20.8084;20.8084;46581;20.8084;20.8084;46581;30.0434;21.1804;46581;21.9580;15.8365;46581;37.6258;37.6258;45993;roh;0.0625;0.3059;0.3181
entwicklung;A;alle;clct;24-48;59193;21.7826;33.1138;16.0750;2.7542;0.9126;75.7881;0.979;25.0150;25.0150;59193;22.3371;22.3371;53471;22.3371;22.3371;53471;29.6076;21.0163;59193;23.4379;16.8576;59193;37.8392;37.8392;58276;roh;0.0248;0.2803;0.2351
entwicklung;A;alle;clct;48-120;52987;26.0482;37.4083;18.4729;5.2540;0.9263;84.7408;0.993;29.7487;29.7487;52987;27.3713;27.3713;50779;27.3713;27.3713;50779;30.1733;21.2042;52987;28.3357;19.9408;52987;40.7873;40.7873;52402;roh;0.0483;0.3251;0.1288
entwicklung;A;alle;clct;120-240;33710;38.4356;45.0500;24.4648;-8.4888;0.9843;98.8139;1.020;37.8645;37.8645;33579;40.7154;40.7154;33710;40.7154;40.7154;33710;30.6843;21.3092;33710;38.8886;25.8668;33710;43.7704;43.7704;33326;mosmix;-0.0151;0.3539;-0.1481
entwicklung;A;alle;clct;240-336;17627;36.4337;41.6118;23.4855;-8.1135;0.9848;98.1779;1.129;39.4962;39.4962;1039;49.5365;49.5365;16460;49.5365;49.5365;16460;25.5099;18.7489;17627;49.2014;31.8181;16460;36.4665;36.4665;17436;roh;0.2645;0.5259;-0.2526
entwicklung;A;alle;dd;0-6;15272;;;18.3994;;;;;;24.8747;20174;;32.9025;20207;;32.9025;20207;;;;;;;;32.8118;19928;;;;
entwicklung;A;alle;dd;6-24;50461;;;20.0003;;;;;;28.2535;73706;;33.0278;73718;;33.0278;73718;;;;;;;;67.9833;72283;;;;
entwicklung;A;alle;dd;24-48;50245;;;19.3744;;;;;;29.4785;88946;;35.0207;81592;;35.0207;81592;;;;;;;;61.4711;86565;;;;
entwicklung;A;alle;dd;48-120;37044;;;22.8316;;;;;;34.4285;79484;;41.9103;76714;;41.9103;76714;;;;;;;;71.7369;78495;;;;
entwicklung;A;alle;dd;120-240;13215;;;45.5791;;;;;;57.5817;48520;;64.6840;48784;;64.6840;48784;;;;;;;;79.2822;48133;;;;
entwicklung;A;alle;dd;240-336;5672;;;78.7332;;;;;;65.8955;1335;;72.4331;23649;;72.4331;23649;;;;;;;;78.7290;24843;;;;
entwicklung;A;alle;gust;0-6;32312;0.8345;1.2015;0.6567;-0.0113;0.8594;3.0765;1.021;0.9693;0.9693;32312;1.3117;1.3117;32312;1.3117;1.3117;32312;1.6164;1.2415;33788;1.0031;0.7795;32312;1.1813;1.1813;29715;mosmix;0.1390;0.3225;0.4711
entwicklung;A;alle;gust;6-24;95807;1.0444;1.4558;0.8077;0.0094;0.8524;3.7690;1.030;1.1224;1.1224;95807;1.3168;1.3168;95807;1.3168;1.3168;95807;1.8806;1.4277;100233;1.0874;0.8454;95807;2.4050;2.4050;87588;mosmix;0.0695;0.2804;0.4343
entwicklung;A;alle;gust;24-48;121399;1.0765;1.5123;0.8374;0.0079;0.8552;3.9250;1.036;1.1398;1.1398;121399;1.3873;1.3873;110089;1.3873;1.3873;110089;1.8357;1.3952;127299;1.1305;0.8801;121399;2.3400;2.3400;109832;mosmix;0.0555;0.2652;0.3998
entwicklung;A;alle;gust;48-120;108990;1.4006;2.0418;1.1047;-0.6704;0.8235;4.5997;0.892;1.3952;1.3952;108990;1.8511;1.8511;104680;1.8511;1.8511;104680;1.9861;1.5098;114892;1.4378;1.1273;108990;2.6782;2.6782;95946;mosmix;-0.0039;0.2082;0.2683
entwicklung;A;alle;gust;120-240;69936;2.1649;3.0471;1.6762;-1.3712;0.7572;5.6947;0.753;1.8689;1.8689;69790;2.3526;2.3526;69936;2.3526;2.3526;69936;2.0298;1.5566;74850;1.9099;1.4691;69936;2.8817;2.8817;57259;mosmix;-0.1583;0.1031;-0.0769
entwicklung;A;alle;gust;240-336;36652;2.1900;3.3632;1.6782;0.5542;0.8852;8.1652;1.025;1.8672;1.8672;2285;2.5410;2.5410;34479;2.5410;2.5410;34479;1.8830;1.4638;40586;2.5066;1.9042;34479;3.2884;3.2884;28201;roh;0.1381;0.3396;-0.1464
entwicklung;A;alle;precip;0-6;31217;0.0311;0.2989;0.0260;-0.0228;0.9751;0.0708;0.471;0.0446;0.0446;31217;0.0434;0.0434;31217;0.0434;0.0434;31217;0.0350;0.0379;32628;0.0424;0.0715;31217;0.0711;0.0711;30221;roh;0.2833;0.4007;0.3125
entwicklung;A;alle;precip;6-24;92618;0.0374;0.3496;0.0321;-0.0342;0.9751;0.0625;0.368;0.0459;0.0459;92618;0.0492;0.0492;92618;0.0492;0.0492;92618;0.0471;0.0493;96852;0.0460;0.0727;92618;0.0901;0.0901;89096;mosmix;0.1850;0.2996;0.3473
entwicklung;A;alle;precip;24-48;117382;0.0378;0.3539;0.0336;-0.0368;0.9705;0.0541;0.282;0.0495;0.0495;117382;0.0571;0.0571;106452;0.0571;0.0571;106452;0.0439;0.0462;123027;0.0514;0.0797;117382;0.0855;0.0855;113375;mosmix;0.2373;0.3209;0.2723
entwicklung;A;alle;precip;48-120;105471;0.0326;0.2517;0.0303;-0.0326;0.9469;0.0298;0.214;0.0382;0.0382;105471;0.0476;0.0476;101304;0.0476;0.0476;101304;0.0344;0.0375;111117;0.0418;0.0592;105471;0.0734;0.0734;99448;mosmix;0.1461;0.2063;0.1924
entwicklung;A;alle;precip;120-240;67767;0.0321;0.2123;0.0321;-0.0321;0.9098;0.0009;0.029;0.0325;0.0325;67626;0.0621;0.0621;67767;0.0621;0.0621;67767;0.0317;0.0354;72472;0.0461;0.0580;67767;0.0719;0.0719;60060;mosmix;0.0120;0.0132;0.0933
entwicklung;A;alle;precip;240-336;35590;0.0367;0.2399;0.0373;-0.0367;0.9125;0.0151;0.025;0.0572;0.0572;2213;0.0973;0.0973;33473;0.0973;0.0973;33473;0.0333;0.0363;39354;0.0965;0.0957;33473;0.0907;0.0907;30820;roh;0.6224;0.6168;-0.0273
entwicklung;A;alle;t;0-6;32201;0.7172;0.9708;0.5481;-0.0035;0.8252;2.4138;0.978;0.8607;0.8607;32201;1.4123;1.4123;32201;1.6704;1.6704;32201;2.7550;2.0225;33665;1.1455;0.8698;32201;1.5730;1.5730;32135;mosmix;0.1667;0.3631;0.7290
entwicklung;A;alle;t;6-24;95535;0.8785;1.1467;0.6617;-0.0169;0.8072;2.8425;0.973;0.9527;0.9527;95535;1.4244;1.4244;95535;1.1991;1.1991;95535;2.9730;2.1296;99927;0.9587;0.7265;95535;4.4346;4.4346;94755;mosmix;0.0779;0.3054;0.6893
entwicklung;A;alle;t;24-48;121036;0.9829;1.2734;0.7383;0.0069;0.8021;3.1395;0.969;1.0497;1.0497;121036;1.5095;1.5095;109762;1.3977;1.3977;109762;2.9398;2.1206;126892;1.0950;0.8272;121036;2.7409;2.7409;118769;mosmix;0.0636;0.2967;0.6518
entwicklung;A;alle;t;48-120;108725;1.2482;1.6015;0.9355;0.0270;0.8026;4.0165;0.979;1.3007;1.3007;108725;1.8523;1.8523;104427;1.6612;1.6612;104427;3.0302;2.1740;114581;1.3521;1.0166;108725;3.4022;3.4022;108320;mosmix;0.0403;0.2807;0.5697
entwicklung;A;alle;t;120-240;69846;1.9979;2.4827;1.4734;-0.4847;0.8191;6.6908;1.055;2.0957;2.0957;69700;2.4741;2.4741;69846;2.3344;2.3344;69846;3.2629;2.3139;74726;2.0501;1.5233;69846;3.7214;3.7214;69586;mosmix;0.0467;0.2969;0.3632
entwicklung;A;alle;t;240-336;36632;2.8841;3.5259;2.1497;-1.7607;0.6378;6.8005;0.773;2.4346;2.4346;2280;3.2006;3.2006;34453;2.9248;2.9248;34453;3.4943;2.4211;40536;2.9021;2.1588;34453;3.0637;3.0637;36514;roh-lapse;0.0139;0.2650;0.1121
entwicklung;A;alle;td;0-6;32213;0.6787;1.0958;0.5543;-0.0496;0.9056;2.9609;1.067;0.8452;0.8452;32213;1.4036;1.4036;32213;1.0761;1.0761;32213;2.8683;2.1440;33677;0.8309;0.6682;32213;1.1012;1.1012;31979;mosmix;0.1970;0.3442;0.7415
entwicklung;A;alle;td;6-24;95533;0.9870;1.4370;0.7753;-0.1678;0.8878;3.9040;1.060;1.1054;1.1054;95533;1.3901;1.3901;95533;1.1832;1.1832;95533;2.8881;2.1560;99925;1.0127;0.7903;95533;2.1375;2.1375;94268;mosmix;0.1071;0.2986;0.6404
entwicklung;A;alle;td;24-48;121046;1.1082;1.6153;0.8683;-0.2176;0.8790;4.2741;1.033;1.2193;1.2193;121046;1.5254;1.5254;109773;1.2918;1.2918;109773;2.9255;2.1852;126902;1.1267;0.8791;121046;2.8215;2.8215;118182;mosmix;0.0912;0.2879;0.6026
entwicklung;A;alle;td;48-120;108731;1.3972;1.9974;1.0844;-0.2204;0.8761;5.3418;1.043;1.5659;1.5659;108731;1.8767;1.8767;104433;1.5714;1.5714;104433;3.0238;2.2606;114587;1.4587;1.1331;108731;3.4283;3.4283;107709;mosmix;0.1077;0.3075;0.5203
entwicklung;A;alle;td;120-240;69841;2.2212;2.8790;1.6707;-0.9835;0.7498;6.4045;0.868;2.2336;2.2336;69695;2.6137;2.6137;69841;2.2668;2.2668;69841;3.1122;2.3306;74721;2.1235;1.5908;69841;4.2934;4.2934;69061;mosmix;0.0056;0.2520;0.2831
entwicklung;A;alle;td;240-336;36631;2.7157;3.3523;1.9926;-1.4771;0.7948;8.7675;1.033;2.3385;2.3385;2280;2.8734;2.8734;34452;2.4805;2.4805;34452;2.7181;2.0294;40535;2.4739;1.8519;34452;3.7378;3.7378;36097;roh-lapse;-0.0948;0.1967;0.0182
entwicklung;A;alle;wet;0-6;31217;;;0.0201;;;;;;0.0603;31217;;0.0440;31217;;0.0440;31217;;0.0402;32628;;0.0529;31217;;0.0556;30221;;;;0.5005
entwicklung;A;alle;wet;6-24;92618;;;0.0212;;;;;;0.0512;92618;;0.0419;92618;;0.0419;92618;;0.0408;96852;;0.0510;92618;;0.0775;89096;;;;0.4804
entwicklung;A;alle;wet;24-48;117382;;;0.0247;;;;;;0.0618;117382;;0.0505;106452;;0.0505;106452;;0.0410;123027;;0.0619;117382;;0.0774;113375;;;;0.3983
entwicklung;A;alle;wet;48-120;105471;;;0.0338;;;;;;0.0536;105471;;0.0696;101304;;0.0696;101304;;0.0462;111117;;0.0648;105471;;0.0872;99448;;;;0.2674
entwicklung;A;alle;wet;120-240;67767;;;0.0438;;;;;;0.0457;67626;;0.1185;67767;;0.1185;67767;;0.0521;72472;;0.0844;67767;;0.1102;60060;;;;0.1584
entwicklung;A;alle;wet;240-336;35590;;;0.0435;;;;;;0.0628;2213;;0.2225;33473;;0.2225;33473;;0.0474;39354;;0.2208;33473;;0.1311;30820;;;;0.0808
entwicklung;A;alle;ws;0-6;32315;0.5981;0.8481;0.4633;0.0235;0.8564;2.0793;0.989;0.6660;0.6660;31807;0.9867;0.9867;32315;0.9867;0.9867;32315;0.9477;0.7202;33791;0.7268;0.5742;32315;0.7930;0.7930;31882;mosmix;0.1019;0.3044;0.3567
entwicklung;A;alle;ws;6-24;95833;0.7171;1.0010;0.5526;0.0126;0.8509;2.4805;0.993;0.7442;0.7442;95398;1.0270;1.0270;95833;1.0270;1.0270;95833;1.1121;0.8362;100260;0.7779;0.6116;95833;1.3660;1.3660;93955;mosmix;0.0365;0.2574;0.3391
entwicklung;A;alle;ws;24-48;121425;0.7358;1.0426;0.5686;0.0179;0.8477;2.5128;0.970;0.7569;0.7569;120274;1.0482;1.0482;110115;1.0482;1.0482;110115;1.0833;0.8153;127326;0.7931;0.6224;121200;1.3669;1.3669;117925;mosmix;0.0279;0.2487;0.3025
entwicklung;A;alle;ws;48-120;109070;0.8312;1.1719;0.6414;0.0716;0.8589;2.9055;0.997;0.8480;0.8480;107857;1.1304;1.1304;104759;1.1304;1.1304;104759;1.0903;0.8215;114973;0.8739;0.6871;108973;1.4703;1.4703;107555;mosmix;0.0197;0.2436;0.2192
entwicklung;A;alle;ws;120-240;70052;1.0117;1.4160;0.7754;0.1430;0.8632;3.4582;0.991;1.1018;1.1018;69286;1.2546;1.2546;70052;1.2546;1.2546;70052;1.0364;0.7861;74970;1.0049;0.7812;70052;1.4295;1.4295;69107;mosmix;0.0817;0.2963;0.0136
entwicklung;A;alle;ws;240-336;36728;1.6122;2.1989;1.1753;0.6429;0.6927;4.1665;0.847;1.1041;1.1041;2286;1.3410;1.3410;34545;1.3410;1.3410;34545;0.9865;0.7520;40664;1.3237;0.9904;34545;1.5337;1.5337;36260;roh;-0.2022;0.1236;-0.5628
entwicklung;A;AT;dd;0-6;2191;;;20.2046;;;;;;37.8956;3482;;44.8144;3506;;44.8144;3506;;;;;;;;33.9863;3497;;;;
entwicklung;A;AT;dd;6-24;7409;;;24.9104;;;;;;40.8276;14101;;43.3557;14104;;43.3557;14104;;;;;;;;71.8824;14016;;;;
entwicklung;A;AT;dd;24-48;6679;;;23.3590;;;;;;41.8739;16601;;45.2328;15307;;45.2328;15307;;;;;;;;56.3850;16518;;;;
entwicklung;A;AT;dd;48-120;4711;;;25.8956;;;;;;44.1322;14896;;50.9043;14474;;50.9043;14474;;;;;;;;65.0336;14958;;;;
entwicklung;A;AT;dd;120-240;1353;;;37.6039;;;;;;56.6496;8891;;63.8424;9027;;63.8424;9027;;;;;;;;74.8316;8999;;;;
entwicklung;A;AT;dd;240-336;256;;;74.8028;;;;;;62.6149;236;;69.4084;4280;;69.4084;4280;;;;;;;;73.1384;4480;;;;
entwicklung;A;AT;gust;0-6;7302;1.0213;1.5068;0.8166;-0.0707;0.8639;3.7813;1.004;1.4958;1.4958;7302;1.5220;1.5220;7302;1.5220;1.5220;7302;1.5292;1.1790;7938;1.3114;1.0302;7302;1.0736;1.0736;6426;mosmix;0.3172;0.4541;0.3074
entwicklung;A;AT;gust;6-24;21641;1.2731;1.7763;0.9914;-0.0150;0.8566;4.6417;1.033;1.5771;1.5771;21641;1.4817;1.4817;21641;1.4817;1.4817;21641;1.7270;1.3279;23547;1.3239;1.0425;21641;2.2921;2.2921;19017;roh;0.1408;0.3309;0.2534
entwicklung;A;AT;gust;24-48;27372;1.3357;1.8878;1.0484;0.0742;0.8647;4.9597;1.042;1.6008;1.6008;27372;1.5302;1.5302;24812;1.5302;1.5302;24812;1.6921;1.3020;29912;1.3767;1.0859;27372;2.2884;2.2884;23815;roh;0.1271;0.3149;0.1948
entwicklung;A;AT;gust;48-120;24468;1.7038;2.4770;1.3478;-0.7271;0.8032;5.2853;0.846;1.9221;1.9221;24468;2.0056;2.0056;23504;2.0056;2.0056;23504;1.8732;1.4375;27010;1.7243;1.3610;24468;2.6822;2.6822;20840;mosmix;0.1136;0.2988;0.0624
entwicklung;A;AT;gust;120-240;15505;2.7053;3.7629;2.0840;-1.7307;0.7337;6.3031;0.686;2.4753;2.4753;15495;2.4640;2.4640;15505;2.4640;2.4640;15505;1.9400;1.4909;17619;2.1701;1.6836;15505;2.7064;2.7064;12446;roh;-0.0980;0.1542;-0.3979
entwicklung;A;AT;gust;240-336;7875;2.1497;2.9223;1.6638;-0.2715;0.8832;8.3017;1.201;2.1313;2.1313;514;2.3750;2.3750;7457;2.3750;2.3750;7457;1.7200;1.3279;9569;2.3602;1.7975;7457;3.3720;3.3720;5496;roh;0.0948;0.2994;-0.2530
entwicklung;A;AT;precip;0-6;7302;0.0374;0.2438;0.0298;-0.0207;0.9847;0.1085;0.790;0.0503;0.0503;7302;0.0544;0.0544;7302;0.0544;0.0544;7302;0.0433;0.0447;7938;0.0502;0.0734;7302;0.0888;0.0888;7182;mosmix;0.2569;0.4063;0.3318
entwicklung;A;AT;precip;6-24;21649;0.0315;0.3019;0.0271;-0.0280;0.9842;0.0551;0.434;0.0394;0.0394;21649;0.0416;0.0416;21649;0.0416;0.0416;21649;0.0523;0.0538;23557;0.0388;0.0658;21649;0.1105;0.1105;21163;mosmix;0.1995;0.3119;0.4964
entwicklung;A;AT;precip;24-48;27376;0.0286;0.2804;0.0261;-0.0278;0.9796;0.0296;0.294;0.0344;0.0344;27376;0.0403;0.0403;24816;0.0403;0.0403;24816;0.0439;0.0455;29920;0.0359;0.0632;27376;0.0766;0.0766;26682;mosmix;0.1679;0.2425;0.4272
entwicklung;A;AT;precip;48-120;24474;0.0266;0.2113;0.0249;-0.0265;0.9646;0.0163;0.233;0.0295;0.0295;24474;0.0416;0.0416;23509;0.0416;0.0416;23509;0.0336;0.0360;27018;0.0341;0.0512;24474;0.0744;0.0744;23400;mosmix;0.0983;0.1562;0.3093
entwicklung;A;AT;precip;120-240;15510;0.0211;0.1624;0.0211;-0.0211;0.9583;0.0009;0.045;0.0215;0.0215;15500;0.0500;0.0500;15510;0.0500;0.0500;15510;0.0254;0.0289;17630;0.0354;0.0461;15510;0.0716;0.0716;14223;mosmix;0.0182;0.0186;0.2706
entwicklung;A;AT;precip;240-336;7872;0.0139;0.1304;0.0151;-0.0139;0.9784;0.0274;0.092;0.0167;0.0167;514;0.0654;0.0654;7454;0.0654;0.0654;7454;0.0118;0.0159;9568;0.0654;0.0683;7454;0.0785;0.0785;6927;roh;0.7871;0.7689;0.0497
entwicklung;A;AT;t;0-6;7302;0.7683;1.0500;0.5898;-0.0686;0.8351;2.6618;1.002;1.1141;1.1141;7302;1.5840;1.5840;7302;2.0220;2.0220;7302;2.8905;2.0811;7938;1.4192;1.0739;7302;1.4859;1.4859;7290;mosmix;0.3104;0.4706;0.7166
entwicklung;A;AT;t;6-24;21653;1.0042;1.3310;0.7643;-0.0601;0.8217;3.3434;0.980;1.1445;1.1445;21653;1.6364;1.6364;21653;1.4104;1.4104;21653;2.8788;2.0293;23561;1.1273;0.8640;21653;4.9825;4.9825;21473;mosmix;0.1226;0.3322;0.6234
entwicklung;A;AT;t;24-48;27380;1.1301;1.4733;0.8528;-0.0485;0.8171;3.6946;0.979;1.2455;1.2455;27380;1.7050;1.7050;24820;1.6277;1.6277;24820;2.9423;2.0740;29924;1.2764;0.9701;27380;2.6747;2.6747;27176;mosmix;0.0927;0.3153;0.5888
entwicklung;A;AT;t;48-120;24480;1.3673;1.7371;1.0194;-0.0744;0.7994;4.3305;0.973;1.4692;1.4692;24480;1.9674;1.9674;23515;1.8912;1.8912;23515;3.0068;2.1151;27024;1.5293;1.1449;24480;3.3741;3.3741;24423;mosmix;0.0694;0.3062;0.5180
entwicklung;A;AT;t;120-240;15520;1.9758;2.4507;1.4557;-0.6016;0.7700;5.9265;0.944;2.1867;2.1867;15510;2.3713;2.3713;15520;2.4575;2.4575;15520;3.1314;2.1914;17640;2.1459;1.5858;15520;3.7066;3.7066;15470;mosmix;0.0964;0.3343;0.3357
entwicklung;A;AT;t;240-336;7880;2.6293;3.1822;1.9137;-0.9915;0.7358;7.3381;0.918;2.3689;2.3689;514;3.1521;3.1521;7462;2.8149;2.8149;7462;2.8832;2.0232;9576;2.7904;2.0635;7462;3.2430;3.2430;7843;roh-lapse;0.0659;0.3202;0.0541
entwicklung;A;AT;td;0-6;7302;0.7510;1.1883;0.6021;-0.1062;0.8676;2.8470;0.946;1.0633;1.0633;7302;1.7208;1.7208;7302;1.2027;1.2027;7302;3.2753;2.3843;7938;1.0082;0.8160;7302;1.1488;1.1488;7182;mosmix;0.2937;0.4337;0.7475
entwicklung;A;AT;td;6-24;21653;1.1333;1.6232;0.8771;-0.2947;0.8408;3.8940;0.936;1.2584;1.2584;21653;1.6487;1.6487;21653;1.3519;1.3519;21653;3.2785;2.3980;23561;1.1615;0.9055;21653;2.1984;2.1984;21167;mosmix;0.0994;0.3030;0.6342
entwicklung;A;AT;td;24-48;27380;1.3021;1.8825;1.0142;-0.3967;0.8220;4.2578;0.883;1.3975;1.3975;27380;1.8474;1.8474;24820;1.4824;1.4824;24820;3.3487;2.4423;29924;1.2962;1.0137;27380;2.7851;2.7851;26762;mosmix;0.0683;0.2743;0.5847
entwicklung;A;AT;td;48-120;24480;1.5330;2.2132;1.1932;-0.2642;0.8429;5.3419;0.942;1.7245;1.7245;24480;2.0596;2.0596;23515;1.7411;1.7411;23515;3.5578;2.5889;27024;1.6074;1.2477;24480;3.7066;3.7066;23991;mosmix;0.1111;0.3081;0.5391
entwicklung;A;AT;td;120-240;15520;2.1020;2.8583;1.6091;-0.3462;0.7758;6.4023;0.874;2.5544;2.5544;15510;2.5500;2.5500;15520;2.3516;2.3516;15520;3.7073;2.6758;17640;2.3355;1.7367;15520;4.2037;4.2037;15110;roh-lapse;0.1062;0.3158;0.3987
entwicklung;A;AT;td;240-336;7880;2.7760;3.4955;2.0389;-0.3455;0.8010;8.9157;1.006;2.7558;2.7558;514;3.1407;3.1407;7462;2.7831;2.7831;7462;3.0630;2.1737;9576;2.7780;2.0795;7462;3.9144;3.9144;7555;roh-lapse;0.0026;0.2674;0.0620
entwicklung;A;AT;wet;0-6;7302;;;0.0208;;;;;;0.0416;7302;;0.0377;7302;;0.0377;7302;;0.0457;7938;;0.0429;7302;;0.0514;7182;;;;0.5448
entwicklung;A;AT;wet;6-24;21649;;;0.0187;;;;;;0.0340;21649;;0.0364;21649;;0.0364;21649;;0.0392;23557;;0.0387;21649;;0.0729;21163;;;;0.5236
entwicklung;A;AT;wet;24-48;27376;;;0.0216;;;;;;0.0335;27376;;0.0356;24816;;0.0356;24816;;0.0395;29920;;0.0374;27376;;0.0653;26682;;;;0.4530
entwicklung;A;AT;wet;48-120;24474;;;0.0289;;;;;;0.0352;24474;;0.0604;23509;;0.0604;23509;;0.0419;27018;;0.0523;24474;;0.0775;23400;;;;0.3093
entwicklung;A;AT;wet;120-240;15510;;;0.0293;;;;;;0.0306;15500;;0.1059;15510;;0.1059;15510;;0.0452;17630;;0.0697;15510;;0.1025;14223;;;;0.3532
entwicklung;A;AT;wet;240-336;7872;;;0.0189;;;;;;0.0253;514;;0.1548;7454;;0.1548;7454;;0.0262;9568;;0.1543;7454;;0.1113;6927;;;;0.2785
entwicklung;A;AT;ws;0-6;7302;0.7078;1.0161;0.5482;0.0845;0.8615;2.3709;0.956;0.9742;0.9742;7138;0.9782;0.9782;7302;0.9782;0.9782;7302;0.8154;0.6207;7938;0.8573;0.6774;7302;0.7470;0.7470;7290;mosmix;0.2735;0.4372;0.1167
entwicklung;A;AT;ws;6-24;21645;0.8373;1.1966;0.6516;0.0465;0.8498;2.8149;0.954;0.9601;0.9601;21501;1.0420;1.0420;21645;1.0420;1.0420;21645;0.9422;0.7141;23552;0.8612;0.6791;21645;1.2400;1.2400;21465;mosmix;0.1279;0.3213;0.0875
entwicklung;A;AT;ws;24-48;27375;0.8686;1.2553;0.6743;0.0778;0.8454;2.8388;0.921;0.9924;0.9924;26951;1.0464;1.0464;24815;1.0464;1.0464;24815;0.9156;0.6943;29916;0.8910;0.7017;27296;1.1985;1.1985;27171;mosmix;0.1247;0.3206;0.0288
entwicklung;A;AT;ws;48-120;24480;0.9627;1.3794;0.7454;0.1082;0.8496;3.1677;0.937;1.0794;1.0794;23922;1.1141;1.1141;23515;1.1141;1.1141;23515;0.9222;0.7000;27023;0.9659;0.7570;24429;1.3144;1.3144;24423;mosmix;0.1081;0.3094;-0.0648
entwicklung;A;AT;ws;120-240;15518;1.1221;1.5939;0.8624;0.1075;0.8357;3.3790;0.873;1.4119;1.4119;15019;1.1517;1.1517;15518;1.1517;1.1517;15518;0.8785;0.6670;17636;1.0899;0.8438;15518;1.2150;1.2150;15468;roh;0.0256;0.2512;-0.2931
entwicklung;A;AT;ws;240-336;7880;1.8378;2.2927;1.3144;1.1058;0.5912;4.4329;0.841;1.2393;1.2393;514;1.1908;1.1908;7462;1.1908;1.1908;7462;0.8393;0.6349;9576;1.1822;0.9116;7462;1.3266;1.3266;7843;roh;-0.5434;-0.1038;-1.0702
entwicklung;A;CH;dd;0-6;2079;;;20.9504;;;;;;29.7357;3990;;47.8510;3998;;47.8510;3998;;;;;;;;36.4747;3874;;;;
entwicklung;A;CH;dd;6-24;7436;;;24.9379;;;;;;32.1808;16777;;46.4376;16786;;46.4376;16786;;;;;;;;82.7647;16286;;;;
entwicklung;A;CH;dd;24-48;5339;;;25.2172;;;;;;33.3274;19592;;48.2090;18078;;48.2090;18078;;;;;;;;62.5343;18283;;;;
entwicklung;A;CH;dd;48-120;3005;;;33.0899;;;;;;35.9653;17472;;57.4565;16883;;57.4565;16883;;;;;;;;66.0350;17033;;;;
entwicklung;A;CH;dd;120-240;623;;;64.2937;;;;;;49.3894;10539;;71.0855;10549;;71.0855;10549;;;;;;;;66.6521;10293;;;;
entwicklung;A;CH;dd;240-336;451;;;79.1274;;;;;;54.4563;272;;77.0872;4857;;77.0872;4857;;;;;;;;67.9593;4991;;;;
entwicklung;A;CH;gust;0-6;8484;0.7908;1.1691;0.6324;0.0168;0.8649;2.9359;0.996;0.8478;0.8478;8484;1.4211;1.4211;8484;1.4211;1.4211;8484;1.2046;0.9472;9324;1.0022;0.7864;8484;1.0361;1.0361;6930;mosmix;0.0672;0.2541;0.3324
entwicklung;A;CH;gust;6-24;25151;1.0740;1.5255;0.8375;0.0126;0.8513;3.8504;1.001;1.0703;1.0703;25151;1.4834;1.4834;25151;1.4834;1.4834;25151;1.5661;1.2084;27671;1.1613;0.9048;25151;2.2252;2.2252;20491;mosmix;-0.0034;0.2176;0.3070
entwicklung;A;CH;gust;24-48;31785;1.0588;1.5301;0.8384;-0.0308;0.8599;3.9053;1.012;1.0533;1.0533;31785;1.5362;1.5362;28809;1.5362;1.5362;28809;1.4890;1.1517;35145;1.1647;0.9154;31785;1.9413;1.9413;24894;mosmix;-0.0053;0.2040;0.2720
entwicklung;A;CH;gust;48-120;28377;1.3779;2.0854;1.1091;-0.8369;0.8165;4.3963;0.841;1.2473;1.2473;28377;2.0518;2.0518;27259;2.0518;2.0518;27259;1.5931;1.2308;31737;1.4883;1.1756;28377;2.1736;2.1736;20921;mosmix;-0.1047;0.1108;0.0989
entwicklung;A;CH;gust;120-240;17910;2.0493;2.9722;1.6115;-1.5939;0.7133;4.6010;0.626;1.5295;1.5295;17906;2.3826;2.3826;17910;2.3826;2.3826;17910;1.7199;1.3223;20710;1.7835;1.3817;17910;2.2905;2.2905;10775;mosmix;-0.3399;-0.0537;-0.2187
entwicklung;A;CH;gust;240-336;9000;2.7550;5.0320;2.1673;1.1900;0.9058;9.2269;0.792;1.7807;1.7807;596;2.3745;2.3745;8541;2.3745;2.3745;8541;1.6018;1.2397;11240;2.3360;1.7680;8541;2.3860;2.3860;4736;roh;-0.1602;0.0873;-0.7482
entwicklung;A;CH;precip;0-6;7914;0.0185;0.3189;0.0164;-0.0138;0.9851;0.0355;0.270;0.0268;0.0268;7914;0.0304;0.0304;7914;0.0304;0.0304;7914;0.0184;0.0250;8694;0.0274;0.0552;7914;0.0600;0.0600;7074;mosmix;0.3075;0.3886;0.3453
entwicklung;A;CH;precip;6-24;23466;0.0233;0.3138;0.0202;-0.0221;0.9885;0.0288;0.260;0.0255;0.0255;23466;0.0310;0.0310;23466;0.0310;0.0310;23466;0.0375;0.0416;25806;0.0273;0.0542;23466;0.0826;0.0826;20930;mosmix;0.0854;0.2104;0.5157
entwicklung;A;CH;precip;24-48;29655;0.0230;0.3003;0.0214;-0.0220;0.9858;0.0333;0.257;0.0292;0.0292;29655;0.0449;0.0449;26879;0.0449;0.0449;26879;0.0325;0.0372;32775;0.0363;0.0645;29655;0.0581;0.0581;26957;mosmix;0.2124;0.2658;0.4247
entwicklung;A;CH;precip;48-120;26481;0.0221;0.2318;0.0215;-0.0221;0.9691;0.0074;0.110;0.0231;0.0231;26481;0.0394;0.0394;25438;0.0394;0.0394;25438;0.0238;0.0303;29601;0.0312;0.0503;26481;0.0469;0.0469;22947;mosmix;0.0433;0.0689;0.2902
entwicklung;A;CH;precip;120-240;16720;0.0291;0.2125;0.0291;-0.0291;0.9336;0.0005;0.027;0.0290;0.0290;16716;0.0707;0.0707;16720;0.0707;0.0707;16720;0.0252;0.0316;19320;0.0477;0.0580;16720;0.0423;0.0423;12391;mosmix;-0.0031;-0.0010;0.0789
entwicklung;A;CH;precip;240-336;8408;0.0463;0.2681;0.0468;-0.0463;0.8974;0.0166;0.008;0.1023;0.1023;556;0.1324;0.1324;7978;0.1324;0.1324;7978;0.0371;0.0403;10488;0.1312;0.1201;7978;0.0673;0.0673;6195;roh;0.6502;0.6464;-0.1630
entwicklung;A;CH;t;0-6;8370;0.6914;0.9534;0.5293;-0.0165;0.8399;2.3733;0.978;0.8325;0.8325;8370;1.8010;1.8010;8370;2.2810;2.2810;8370;2.6695;1.9831;9198;1.4092;1.0714;8370;1.4212;1.4212;8352;mosmix;0.1694;0.3641;0.7331
entwicklung;A;CH;t;6-24;24818;0.9014;1.1654;0.6764;-0.0025;0.8113;2.9363;0.983;0.9586;0.9586;24818;2.0008;2.0008;24818;1.5089;1.5089;24818;2.9782;2.1761;27302;1.0599;0.8088;24818;4.4744;4.4744;24751;mosmix;0.0597;0.2944;0.6892
entwicklung;A;CH;t;24-48;31363;0.9852;1.2695;0.7383;0.0037;0.8121;3.1996;0.983;1.0299;1.0299;31363;2.0175;2.0175;28427;1.7530;1.7530;28427;2.9097;2.1442;34675;1.1907;0.9081;31363;2.4282;2.4282;30019;mosmix;0.0434;0.2832;0.6557
entwicklung;A;CH;t;48-120;28005;1.2001;1.5409;0.8995;-0.0465;0.8119;3.9414;0.998;1.2271;1.2271;28005;2.5862;2.5862;26902;2.0128;2.0128;26902;3.0049;2.2013;31317;1.4145;1.0721;28005;2.8895;2.8895;27981;mosmix;0.0220;0.2669;0.5914
entwicklung;A;CH;t;120-240;17680;1.8584;2.3081;1.3716;-0.3687;0.8318;6.3854;1.079;1.9693;1.9693;17676;3.1459;3.1459;17680;2.4870;2.4870;17680;3.2533;2.3651;20440;1.9847;1.4777;17680;3.0805;3.0805;17673;mosmix;0.0564;0.3035;0.4201
entwicklung;A;CH;t;240-336;8888;3.0640;3.7088;2.2859;-2.6700;0.6195;7.0996;0.767;2.2805;2.2805;588;3.9524;3.9524;8434;2.8772;2.8772;8434;3.7138;2.6212;11096;2.8509;2.1460;8434;2.8592;2.8592;8884;roh-lapse;-0.0649;0.2055;0.1279
entwicklung;A;CH;td;0-6;8370;0.7700;1.3808;0.6284;-0.0325;0.8769;2.8180;0.806;0.9607;0.9607;8370;2.3061;2.3061;8370;1.4638;1.4638;8370;3.2660;2.4791;9198;1.0502;0.8721;8370;1.1108;1.1108;8292;mosmix;0.1985;0.3459;0.7465
entwicklung;A;CH;td;6-24;24818;1.2192;1.7959;0.9467;0.0588;0.8246;3.8912;0.846;1.3980;1.3980;24818;2.1052;2.1052;24818;1.6555;1.6555;24818;3.3157;2.4852;27302;1.3649;1.0788;24818;2.2528;2.2528;24572;mosmix;0.1279;0.3228;0.6191
entwicklung;A;CH;td;24-48;31363;1.2971;1.9445;1.0091;0.0236;0.8343;4.2527;0.853;1.4855;1.4855;31363;2.2241;2.2241;28427;1.6949;1.6949;28427;3.3870;2.5427;34675;1.4274;1.1240;31363;3.1243;3.1243;29837;mosmix;0.1268;0.3207;0.6031
entwicklung;A;CH;td;48-120;28005;1.6156;2.3805;1.2516;-0.1829;0.8359;5.3419;0.876;1.7459;1.7459;28005;2.7641;2.7641;26902;2.0196;2.0196;26902;3.4972;2.6284;31317;1.7334;1.3718;28005;3.8659;3.8659;27798;mosmix;0.0746;0.2831;0.5238
entwicklung;A;CH;td;120-240;17680;2.5406;3.2044;1.8973;-1.5072;0.6860;6.4015;0.779;2.2027;2.2027;17676;3.1371;3.1371;17680;2.1515;2.1515;17680;3.6084;2.7148;20440;1.9774;1.5213;17680;4.9756;4.9756;17513;roh-lapse;-0.1809;0.1182;0.3011
entwicklung;A;CH;td;240-336;8888;3.4481;3.9571;2.4354;-3.1702;0.7046;9.0348;0.901;2.4458;2.4458;588;3.7209;3.7209;8434;2.4014;2.4014;8434;3.2768;2.4380;11096;2.4026;1.7756;8434;4.0831;4.0831;8756;roh-lapse;-0.4359;-0.0141;0.0011
entwicklung;A;CH;wet;0-6;7914;;;0.0190;;;;;;0.0398;7914;;0.0406;7914;;0.0406;7914;;0.0385;8694;;0.0389;7914;;0.0482;7074;;;;0.5067
entwicklung;A;CH;wet;6-24;23466;;;0.0117;;;;;;0.0198;23466;;0.0269;23466;;0.0269;23466;;0.0356;25806;;0.0245;23466;;0.0668;20930;;;;0.6707
entwicklung;A;CH;wet;24-48;29655;;;0.0165;;;;;;0.0323;29655;;0.0472;26879;;0.0472;26879;;0.0360;32775;;0.0385;29655;;0.0474;26957;;;;0.5416
entwicklung;A;CH;wet;48-120;26481;;;0.0194;;;;;;0.0221;26481;;0.0656;25438;;0.0656;25438;;0.0356;29601;;0.0462;26481;;0.0447;22947;;;;0.4554
entwicklung;A;CH;wet;120-240;16720;;;0.0349;;;;;;0.0353;16716;;0.1268;16720;;0.1268;16720;;0.0449;19320;;0.0902;16720;;0.0593;12391;;;;0.2220
entwicklung;A;CH;wet;240-336;8408;;;0.0548;;;;;;0.0917;556;;0.3066;7978;;0.3066;7978;;0.0517;10488;;0.3033;7978;;0.0936;6195;;;;-0.0595
entwicklung;A;CH;ws;0-6;8484;0.5656;0.8218;0.4434;0.0379;0.8523;1.9453;0.962;0.5757;0.5757;8186;0.9951;0.9951;8484;0.9951;0.9951;8484;0.7402;0.5672;9324;0.6889;0.5559;8484;0.7276;0.7276;8232;mosmix;0.0175;0.2299;0.2184
entwicklung;A;CH;ws;6-24;25152;0.7144;1.0111;0.5544;0.0065;0.8499;2.4501;0.979;0.7077;0.7077;24938;1.0948;1.0948;25152;1.0948;1.0948;25152;0.9376;0.7139;27672;0.7941;0.6349;25152;1.3233;1.3233;24391;mosmix;-0.0095;0.2166;0.2234
entwicklung;A;CH;ws;24-48;31786;0.7238;1.0526;0.5654;0.0132;0.8433;2.4197;0.938;0.7008;0.7008;31182;1.0998;1.0998;28810;1.0998;1.0998;28810;0.8974;0.6835;35146;0.7890;0.6309;31666;1.1785;1.1785;29601;mosmix;-0.0329;0.1932;0.1728
entwicklung;A;CH;ws;48-120;28380;0.7669;1.1150;0.6014;0.0073;0.8441;2.5895;0.943;0.7519;0.7519;27805;1.1660;1.1660;27262;1.1660;1.1660;27262;0.8818;0.6732;31740;0.8528;0.6818;28335;1.2410;1.2410;27591;mosmix;-0.0199;0.2002;0.1067
entwicklung;A;CH;ws;120-240;17915;0.8443;1.2341;0.6607;0.0823;0.8667;2.9583;0.981;0.8636;0.8636;17781;1.2153;1.2153;17915;1.2153;1.2153;17915;0.8620;0.6591;20715;0.8776;0.6965;17915;1.2471;1.2471;17423;mosmix;0.0224;0.2350;-0.0025
entwicklung;A;CH;ws;240-336;9004;2.1190;2.7994;1.5124;1.6818;0.6175;5.2026;0.831;0.8711;0.8711;596;1.2024;1.2024;8544;1.2024;1.2024;8544;0.8007;0.6151;11244;1.1792;0.8894;8544;1.2602;1.2602;8756;roh;-0.7624;-0.2579;-1.4588
entwicklung;A;DE;clct;0-6;15580;17.6142;30.8206;13.0351;2.5624;0.9260;58.5691;0.865;22.1909;22.1909;15580;19.4831;19.4831;15580;19.4831;19.4831;15580;30.6426;21.3333;15580;20.4772;15.0200;15580;23.3844;23.3844;15538;roh;0.0959;0.3310;0.3890
entwicklung;A;DE;clct;6-24;46581;19.5077;30.9330;14.4437;-1.1965;0.9233;68.0959;0.957;24.0558;24.0558;46581;20.8084;20.8084;46581;20.8084;20.8084;46581;30.0434;21.1804;46581;21.9580;15.8365;46581;37.6258;37.6258;45993;roh;0.0625;0.3059;0.3181
entwicklung;A;DE;clct;24-48;59193;21.7826;33.1138;16.0750;2.7542;0.9126;75.7881;0.979;25.0150;25.0150;59193;22.3371;22.3371;53471;22.3371;22.3371;53471;29.6076;21.0163;59193;23.4379;16.8576;59193;37.8392;37.8392;58276;roh;0.0248;0.2803;0.2351
entwicklung;A;DE;clct;48-120;52987;26.0482;37.4083;18.4729;5.2540;0.9263;84.7408;0.993;29.7487;29.7487;52987;27.3713;27.3713;50779;27.3713;27.3713;50779;30.1733;21.2042;52987;28.3357;19.9408;52987;40.7873;40.7873;52402;roh;0.0483;0.3251;0.1288
entwicklung;A;DE;clct;120-240;33710;38.4356;45.0500;24.4648;-8.4888;0.9843;98.8139;1.020;37.8645;37.8645;33579;40.7154;40.7154;33710;40.7154;40.7154;33710;30.6843;21.3092;33710;38.8886;25.8668;33710;43.7704;43.7704;33326;mosmix;-0.0151;0.3539;-0.1481
entwicklung;A;DE;clct;240-336;17627;36.4337;41.6118;23.4855;-8.1135;0.9848;98.1779;1.129;39.4962;39.4962;1039;49.5365;49.5365;16460;49.5365;49.5365;16460;25.5099;18.7489;17627;49.2014;31.8181;16460;36.4665;36.4665;17436;roh;0.2645;0.5259;-0.2526
entwicklung;A;DE;dd;0-6;11002;;;17.5578;;;;;;19.7783;12702;;24.9101;12703;;24.9101;12703;;;;;;;;31.3546;12557;;;;
entwicklung;A;DE;dd;6-24;35616;;;17.9480;;;;;;22.5751;42828;;24.3708;42828;;24.3708;42828;;;;;;;;60.9473;41981;;;;
entwicklung;A;DE;dd;24-48;38227;;;17.8622;;;;;;24.1483;52753;;26.8324;48207;;26.8324;48207;;;;;;;;62.7185;51764;;;;
entwicklung;A;DE;dd;48-120;29328;;;21.2884;;;;;;30.7907;47116;;33.2535;45357;;33.2535;45357;;;;;;;;75.9814;46504;;;;
entwicklung;A;DE;dd;120-240;11239;;;45.5018;;;;;;60.8346;29090;;62.6322;29208;;62.6322;29208;;;;;;;;85.1784;28841;;;;
entwicklung;A;DE;dd;240-336;4965;;;78.9000;;;;;;70.5940;827;;71.7675;14512;;71.7675;14512;;;;;;;;83.8551;15372;;;;
entwicklung;A;DE;gust;0-6;16526;0.7744;1.0572;0.5985;0.0005;0.8545;2.8373;1.051;0.7990;0.7990;16526;1.1626;1.1626;16526;1.1626;1.1626;16526;1.8907;1.4377;16526;0.8674;0.6652;16526;1.2850;1.2850;16359;mosmix;0.0308;0.2509;0.5837
entwicklung;A;DE;gust;6-24;49015;0.9283;1.2471;0.7113;0.0185;0.8510;3.3419;1.049;0.9484;0.9484;49015;1.1584;1.1584;49015;1.1584;1.1584;49015;2.1319;1.5994;49015;0.9450;0.7279;49015;2.5263;2.5263;48080;mosmix;0.0212;0.2500;0.5553
entwicklung;A;DE;gust;24-48;62242;0.9715;1.3031;0.7442;-0.0014;0.8487;3.4801;1.046;0.9812;0.9812;62242;1.2484;1.2484;56468;1.2484;1.2484;56468;2.1004;1.5775;62242;1.0049;0.7717;62242;2.5224;2.5224;61123;mosmix;0.0099;0.2416;0.5283
entwicklung;A;DE;gust;48-120;56145;1.2800;1.7947;0.9966;-0.5615;0.8359;4.4038;0.961;1.2404;1.2404;56145;1.6823;1.6823;53917;1.6823;1.6823;53917;2.2626;1.7024;56145;1.2874;1.0010;56145;2.8716;2.8716;54185;mosmix;-0.0319;0.1965;0.4146
entwicklung;A;DE;gust;120-240;36521;1.9921;2.7269;1.5347;-1.1094;0.7888;5.9727;0.865;1.7778;1.7778;36389;2.2907;2.2907;36521;2.2907;2.2907;36521;2.2489;1.7211;36521;1.8614;1.4210;36521;3.1330;3.1330;34038;mosmix;-0.1205;0.1367;0.1083
entwicklung;A;DE;gust;240-336;19777;1.9489;2.4576;1.4613;0.5936;0.8767;7.6277;1.280;1.7955;1.7955;1175;2.6849;2.6849;18481;2.6849;2.6849;18481;2.1216;1.6569;19777;2.6446;2.0101;18481;3.5006;3.5006;17969;roh;0.2741;0.4558;0.1181
entwicklung;A;DE;precip;0-6;16001;0.0345;0.3112;0.0290;-0.0282;0.9658;0.0711;0.432;0.0508;0.0508;16001;0.0449;0.0449;16001;0.0449;0.0449;16001;0.0398;0.0415;15996;0.0462;0.0787;16001;0.0681;0.0681;15965;roh;0.2305;0.3523;0.2993
entwicklung;A;DE;precip;6-24;47503;0.0470;0.3848;0.0404;-0.0431;0.9643;0.0825;0.378;0.0589;0.0589;47503;0.0617;0.0617;47503;0.0617;0.0617;47503;0.0498;0.0511;47489;0.0586;0.0850;47503;0.0842;0.0842;47003;mosmix;0.2018;0.3148;0.2104
entwicklung;A;DE;precip;24-48;60351;0.0492;0.4045;0.0431;-0.0482;0.9589;0.0755;0.286;0.0664;0.0664;60351;0.0707;0.0707;54757;0.0707;0.0707;54757;0.0501;0.0515;60332;0.0659;0.0946;60351;0.1020;0.1020;59736;mosmix;0.2590;0.3512;0.1628
entwicklung;A;DE;precip;48-120;54516;0.0404;0.2766;0.0370;-0.0404;0.9281;0.0468;0.235;0.0494;0.0494;54516;0.0542;0.0542;52357;0.0542;0.0542;52357;0.0405;0.0422;54498;0.0504;0.0671;54516;0.0844;0.0844;53101;mosmix;0.1823;0.2511;0.1227
entwicklung;A;DE;precip;120-240;35537;0.0383;0.2307;0.0383;-0.0383;0.8774;0.0011;0.025;0.0389;0.0389;35410;0.0634;0.0634;35537;0.0634;0.0634;35537;0.0383;0.0406;35522;0.0501;0.0631;35537;0.0830;0.0830;33446;mosmix;0.0159;0.0172;0.0586
entwicklung;A;DE;precip;240-336;19310;0.0419;0.2605;0.0421;-0.0419;0.8923;0.0095;0.008;0.0536;0.0536;1143;0.0949;0.0949;18041;0.0949;0.0949;18041;0.0419;0.0442;19298;0.0940;0.0963;18041;0.1037;0.1037;17698;roh;0.5589;0.5558;0.0468
entwicklung;A;DE;t;0-6;16529;0.7077;0.9427;0.5392;0.0319;0.8134;2.3248;0.965;0.7630;0.7630;16529;1.1397;1.1397;16529;1.2060;1.2060;16529;2.7376;2.0164;16529;0.8911;0.6776;16529;1.6883;1.6883;16493;mosmix;0.0725;0.2933;0.7326
entwicklung;A;DE;t;6-24;49064;0.8114;1.0448;0.6090;-0.0050;0.7988;2.5740;0.962;0.8651;0.8651;49064;1.0394;1.0394;49064;0.9493;0.9493;49064;3.0153;2.1518;49064;0.8331;0.6242;49064;4.1719;4.1719;48531;mosmix;0.0620;0.2960;0.7170
entwicklung;A;DE;t;24-48;62293;0.9171;1.1769;0.6880;0.0329;0.7905;2.8653;0.953;0.9736;0.9736;62293;1.1681;1.1681;56515;1.1179;1.1179;56515;2.9554;2.1298;62293;0.9670;0.7237;62293;2.9226;2.9226;61574;mosmix;0.0581;0.2934;0.6770
entwicklung;A;DE;t;48-120;56240;1.2203;1.5693;0.9170;0.1078;0.7995;3.9171;0.974;1.2639;1.2639;56240;1.4367;1.4367;54010;1.3860;1.3860;54010;3.0555;2.1870;56240;1.2439;0.9331;56240;3.6710;3.6710;55916;mosmix;0.0345;0.2745;0.5807
entwicklung;A;DE;t;120-240;36646;2.0745;2.5758;1.5301;-0.4912;0.8338;7.1619;1.085;2.1183;2.1183;36514;2.1936;2.1936;36646;2.2087;2.2087;36646;3.3315;2.3443;36646;2.0412;1.5188;36646;4.0385;4.0385;36443;mosmix;0.0206;0.2777;0.3473
entwicklung;A;DE;t;240-336;19864;2.9047;3.5714;2.1825;-1.6589;0.6071;6.4535;0.724;2.5402;2.5402;1178;2.8784;2.8784;18557;2.9907;2.9907;18557;3.6663;2.5011;19864;2.9702;2.2029;18557;3.0844;3.0844;19787;roh;-0.0091;0.2418;0.1274
entwicklung;A;DE;td;0-6;16541;0.6006;0.8662;0.4957;-0.0334;0.9369;3.0835;1.402;0.6905;0.6905;16541;0.8068;0.8068;16541;0.8239;0.8239;16541;2.4518;1.8424;16541;0.6417;0.4997;16541;1.0757;1.0757;16505;mosmix;0.1303;0.2822;0.7310
entwicklung;A;DE;td;6-24;49062;0.8050;1.1076;0.6436;-0.2265;0.9404;3.9148;1.380;0.8900;0.8900;49062;0.9143;0.9143;49062;0.8698;0.8698;49062;2.4627;1.8566;49062;0.7689;0.5935;49062;2.0526;2.0526;48529;roh-lapse;0.0745;0.2600;0.6533
entwicklung;A;DE;td;24-48;62303;0.9278;1.2682;0.7332;-0.2604;0.9266;4.2920;1.322;1.0070;1.0070;62303;1.0327;1.0327;56526;1.0053;1.0053;56526;2.4655;1.8626;62303;0.9010;0.6967;62303;2.6907;2.6907;61583;roh-lapse;0.0771;0.2707;0.6063
entwicklung;A;DE;td;48-120;56246;1.2294;1.6610;0.9539;-0.2199;0.9106;5.3418;1.255;1.4073;1.4073;56246;1.3552;1.3552;54016;1.2742;1.2742;54016;2.5037;1.8981;56246;1.2572;0.9644;56246;3.0914;3.0914;55920;roh-lapse;0.0352;0.2514;0.4975
entwicklung;A;DE;td;120-240;36641;2.1176;2.7173;1.5875;-1.0006;0.7695;6.4069;0.920;2.1124;2.1124;36509;2.3881;2.3881;36641;2.2866;2.2866;36641;2.5488;1.9501;36641;2.1043;1.5625;36641;4.0027;4.0027;36438;mosmix;-0.0025;0.2485;0.1859
entwicklung;A;DE;td;240-336;19863;2.3642;2.9783;1.7761;-1.1684;0.8327;8.5892;1.140;2.1028;2.1028;1178;2.3807;2.3807;18556;2.3948;2.3948;18556;2.2398;1.7316;19863;2.3840;1.7951;18556;3.5175;3.5175;19786;roh;0.0069;0.2540;-0.0257
entwicklung;A;DE;wet;0-6;16001;;;0.0203;;;;;;0.0790;16001;;0.0486;16001;;0.0486;16001;;0.0384;15996;;0.0644;16001;;0.0608;15965;;;;0.4717
entwicklung;A;DE;wet;6-24;47503;;;0.0270;;;;;;0.0746;47503;;0.0519;47503;;0.0519;47503;;0.0443;47489;;0.0698;47503;;0.0843;47003;;;;0.3911
entwicklung;A;DE;wet;24-48;60351;;;0.0301;;;;;;0.0891;60351;;0.0589;54757;;0.0589;54757;;0.0445;60332;;0.0845;60351;;0.0964;59736;;;;0.3239
entwicklung;A;DE;wet;48-120;54516;;;0.0430;;;;;;0.0771;54516;;0.0758;52357;;0.0758;52357;;0.0541;54498;;0.0795;54516;;0.1099;53101;;;;0.2035
entwicklung;A;DE;wet;120-240;35537;;;0.0544;;;;;;0.0573;35410;;0.1202;35537;;0.1202;35537;;0.0594;35522;;0.0881;35537;;0.1324;33446;;;;0.0845
entwicklung;A;DE;wet;240-336;19310;;;0.0487;;;;;;0.0656;1143;;0.2132;18041;;0.2132;18041;;0.0555;19298;;0.2117;18041;;0.1520;17698;;;;0.1227
entwicklung;A;DE;ws;0-6;16529;0.5664;0.7768;0.4360;-0.0109;0.8562;2.0192;1.028;0.5774;0.5774;16483;0.9861;0.9861;16529;0.9861;0.9861;16529;1.1282;0.8544;16529;0.6885;0.5380;16529;0.8464;0.8464;16360;mosmix;0.0191;0.2449;0.4897
entwicklung;A;DE;ws;6-24;49036;0.6654;0.8954;0.5080;0.0008;0.8519;2.3486;1.031;0.6680;0.6680;48959;0.9857;0.9857;49036;0.9857;0.9857;49036;1.2923;0.9638;49036;0.7329;0.5699;49036;1.4440;1.4440;48099;mosmix;0.0039;0.2395;0.4729
entwicklung;A;DE;ws;24-48;62264;0.6835;0.9282;0.5239;-0.0061;0.8510;2.4169;1.029;0.6829;0.6829;62141;1.0226;1.0226;56490;1.0226;1.0226;56490;1.2689;0.9478;62264;0.7523;0.5833;62238;1.5330;1.5330;61153;mosmix;-0.0009;0.2328;0.4472
entwicklung;A;DE;ws;48-120;56210;0.8065;1.0993;0.6163;0.0881;0.8704;2.9508;1.061;0.7969;0.7969;56130;1.1196;1.1196;53982;1.1196;1.1196;53982;1.2889;0.9635;56210;0.8446;0.6594;56209;1.6528;1.6528;55541;mosmix;-0.0120;0.2267;0.3604
entwicklung;A;DE;ws;120-240;36619;1.0469;1.4192;0.7946;0.1877;0.8731;3.7363;1.051;1.0902;1.0902;36486;1.3174;1.3174;36619;1.3174;1.3174;36619;1.2112;0.9152;36619;1.0312;0.7961;36619;1.6088;1.6088;36216;mosmix;0.0398;0.2712;0.1319
entwicklung;A;DE;ws;240-336;19844;1.2926;1.8182;0.9671;-0.0124;0.7671;3.5905;0.867;1.1630;1.1630;1176;1.4653;1.4653;18539;1.4653;1.4653;18539;1.1627;0.8861;19844;1.4472;1.0686;18539;1.7382;1.7382;19661;roh;0.1179;0.3400;-0.0914
entwicklung;B;alle;clct;0-6;5610;17.8263;30.8429;13.2191;2.7242;0.9234;58.6527;0.867;22.4905;22.4905;5610;19.6365;19.6365;5610;19.6365;19.6365;5610;31.6767;21.7253;5610;20.6547;15.0696;5610;;;;roh;0.0922;0.3268;0.3915
entwicklung;B;alle;clct;6-24;16779;20.3092;31.6631;14.9063;0.1376;0.9186;68.5494;0.941;24.6373;24.6373;16779;21.4093;21.4093;16779;21.4093;21.4093;16779;31.9141;21.9027;16779;22.5091;16.2853;16779;;;;roh;0.0514;0.3037;0.3194
entwicklung;B;alle;clct;24-48;19424;22.0061;33.7710;16.1949;4.3994;0.9294;77.7813;0.986;25.2616;25.2616;21307;22.7944;22.7944;19250;22.7944;22.7944;19250;31.3996;21.7103;21307;23.7299;17.0815;21307;;;;roh;0.0346;0.2895;0.2540
entwicklung;B;alle;clct;48-120;18322;25.8119;37.1048;18.2743;6.7739;0.9418;85.6025;1.015;29.8497;29.8497;19050;27.1308;27.1308;18255;27.1308;27.1308;18255;31.4879;21.6674;19050;28.2114;19.8332;19050;;;;roh;0.0486;0.3264;0.1566
entwicklung;B;alle;clct;120-240;12105;38.2966;44.9185;24.4041;-6.8799;0.9874;98.9410;1.026;38.0284;38.0284;12059;40.1242;40.1242;12105;40.1242;40.1242;12105;32.3265;22.0609;12105;38.6585;25.7420;12105;;;;mosmix;-0.0071;0.3583;-0.1062
entwicklung;B;alle;clct;240-336;6310;36.4340;41.7854;23.4510;-5.8523;0.9891;98.7499;1.129;38.6078;38.6078;371;48.5697;48.5697;5892;48.5697;48.5697;5892;27.4376;19.8308;6310;48.2728;31.2899;5892;;;;roh;0.2499;0.5172;-0.1826
entwicklung;B;alle;dd;0-6;4866;;;23.1164;;;;;;25.7249;7409;;32.6187;7413;;32.6187;7413;;;;;;;;;;;;;
entwicklung;B;alle;dd;6-24;15947;;;21.5874;;;;;;28.0267;26114;;33.4650;26116;;33.4650;26116;;;;;;;;;;;;;
entwicklung;B;alle;dd;24-48;15774;;;21.4460;;;;;;29.2999;31752;;35.4066;29114;;35.4066;29114;;;;;;;;;;;;;
entwicklung;B;alle;dd;48-120;12583;;;24.2770;;;;;;34.2527;28578;;42.4835;27546;;42.4835;27546;;;;;;;;;;;;;
entwicklung;B;alle;dd;120-240;4923;;;46.6021;;;;;;57.3314;17504;;65.5387;17552;;65.5387;17552;;;;;;;;;;;;;
entwicklung;B;alle;dd;240-336;2127;;;80.9175;;;;;;66.1580;487;;73.1609;8581;;73.1609;8581;;;;;;;;;;;;;
entwicklung;B;alle;gust;0-6;11192;1.2050;1.6243;0.9100;0.0785;0.8704;4.4224;1.114;0.9533;0.9533;11192;1.2955;1.2955;11192;1.2955;1.2955;11192;1.6964;1.3076;11690;0.9801;0.7626;11192;;;;mosmix;-0.2641;0.0454;0.3041
entwicklung;B;alle;gust;6-24;33171;1.2728;1.7139;0.9700;0.0593;0.8934;5.0604;1.186;1.0922;1.0922;33171;1.3047;1.3047;33171;1.3047;1.3047;33171;1.9490;1.4779;34675;1.0662;0.8267;33171;;;;mosmix;-0.1654;0.1119;0.3437
entwicklung;B;alle;gust;24-48;38542;1.3567;1.8114;1.0337;0.1669;0.9005;5.4722;1.215;1.1159;1.1159;42046;1.3895;1.3895;38128;1.3895;1.3895;38128;1.9094;1.4510;44061;1.1175;0.8674;42046;;;;mosmix;-0.2158;0.0737;0.2876
entwicklung;B;alle;gust;48-120;36402;1.7467;2.4607;1.3531;-0.9143;0.8193;5.6961;0.933;1.3889;1.3889;37740;1.8753;1.8753;36245;1.8753;1.8753;36245;2.0697;1.5732;39756;1.4461;1.1365;37740;;;;mosmix;-0.2576;0.0258;0.1399
entwicklung;B;alle;gust;120-240;24221;2.3502;4.3651;1.8806;-0.5009;0.8312;7.1536;0.673;1.8201;1.8201;24171;2.3798;2.3798;24221;2.3798;2.3798;24221;2.1159;1.6244;25901;1.8981;1.4652;24221;;;;mosmix;-0.2912;-0.0332;-0.1577
entwicklung;B;alle;gust;240-336;12705;2.2172;3.7174;1.7378;0.4523;0.8827;8.1061;0.919;1.8710;1.8710;793;2.5532;2.5532;11952;2.5532;2.5532;11952;1.9444;1.5100;14049;2.5172;1.9146;11952;;;;roh;0.1316;0.3194;-0.1508
entwicklung;B;alle;precip;0-6;11074;0.0439;0.4597;0.0370;-0.0338;0.9754;0.1209;0.435;0.0592;0.0592;11074;0.0545;0.0545;11074;0.0545;0.0545;11074;0.0478;0.0522;11566;0.0550;0.0828;11074;;;;roh;0.1952;0.3208;0.2902
entwicklung;B;alle;precip;6-24;32815;0.0349;0.3069;0.0301;-0.0321;0.9818;0.1125;0.526;0.0417;0.0417;32815;0.0445;0.0445;32815;0.0445;0.0445;32815;0.0410;0.0440;34291;0.0414;0.0685;32815;;;;mosmix;0.1633;0.2789;0.3163
entwicklung;B;alle;precip;24-48;38130;0.0400;0.3829;0.0361;-0.0392;0.9760;0.1151;0.333;0.0514;0.0514;41590;0.0559;0.0559;37714;0.0559;0.0559;37714;0.0431;0.0464;43558;0.0514;0.0800;41590;;;;mosmix;0.2210;0.2975;0.2218
entwicklung;B;alle;precip;48-120;36033;0.0335;0.2682;0.0310;-0.0333;0.9625;0.0812;0.285;0.0386;0.0386;37353;0.0490;0.0490;35875;0.0490;0.0490;35875;0.0336;0.0379;39321;0.0423;0.0598;37353;;;;mosmix;0.1311;0.1972;0.1828
entwicklung;B;alle;precip;120-240;23980;0.0330;0.2445;0.0326;-0.0330;0.9274;0.0446;0.169;0.0332;0.0332;23929;0.0626;0.0626;23980;0.0626;0.0626;23980;0.0327;0.0373;25620;0.0469;0.0589;23980;;;;mosmix;0.0078;0.0172;0.1242
entwicklung;B;alle;precip;240-336;12560;0.0368;0.2778;0.0374;-0.0368;0.9127;0.0172;0.030;0.0524;0.0524;783;0.0981;0.0981;11814;0.0981;0.0981;11814;0.0335;0.0370;13872;0.0975;0.0966;11814;;;;roh;0.6248;0.6185;-0.0111
entwicklung;B;alle;t;0-6;11202;1.4907;2.0808;1.1434;-0.0365;0.7780;4.4027;0.852;0.8533;0.8533;11202;1.4549;1.4549;11202;1.6320;1.6320;11202;2.7741;2.0301;11706;1.1143;0.8451;11202;;;;mosmix;-0.7469;-0.3400;0.4368
entwicklung;B;alle;t;6-24;33204;1.1889;1.6641;0.9157;0.0780;0.8442;4.1809;1.003;0.9391;0.9391;33204;1.3696;1.3696;33204;1.1771;1.1771;33204;2.9414;2.1047;34716;0.9403;0.7158;33204;;;;mosmix;-0.2660;0.0249;0.5649
entwicklung;B;alle;t;24-48;38576;1.2856;1.7657;0.9932;0.1212;0.8449;4.6348;1.043;1.0328;1.0328;42082;1.4664;1.4664;38162;1.3664;1.3664;38162;2.9236;2.1049;44098;1.0726;0.8123;42082;;;;mosmix;-0.2448;0.0383;0.5281
entwicklung;B;alle;t;48-120;36464;1.5223;1.9617;1.1489;0.3369;0.8257;5.3047;1.072;1.2883;1.2883;37803;1.8137;1.8137;36307;1.6123;1.6123;36307;3.0142;2.1569;39819;1.3295;0.9976;37803;;;;mosmix;-0.1816;0.1082;0.4673
entwicklung;B;alle;t;120-240;24290;2.2181;2.8738;1.7015;0.3770;0.6732;5.5195;0.782;2.0544;2.0544;24240;2.4492;2.4492;24290;2.2879;2.2879;24290;3.2410;2.2936;25970;2.0200;1.5016;24290;;;;mosmix;-0.0797;0.1718;0.2581
entwicklung;B;alle;t;240-336;12746;2.9281;3.5707;2.1790;-1.6920;0.6306;6.8504;0.767;2.4499;2.4499;794;3.1640;3.1640;11987;2.8909;2.8909;11987;3.4917;2.4117;14090;2.8687;2.1384;11987;;;;roh-lapse;-0.0129;0.2462;0.0965
entwicklung;B;alle;td;0-6;11142;1.1304;1.8449;0.8690;-0.1168;0.7532;2.9481;0.672;0.8773;0.8773;11142;1.4055;1.4055;11142;1.1282;1.1282;11142;2.9411;2.1843;11646;0.8689;0.6892;11142;;;;mosmix;-0.2885;0.0095;0.6022
entwicklung;B;alle;td;6-24;32999;1.1137;1.7173;0.8543;-0.0201;0.8475;3.7827;0.893;1.1221;1.1221;32999;1.3723;1.3723;32999;1.1931;1.1931;32999;2.9258;2.1737;34511;1.0323;0.8067;32999;;;;mosmix;0.0075;0.2386;0.6070
entwicklung;B;alle;td;24-48;38337;1.2314;1.8927;0.9549;0.0513;0.8620;4.4418;0.933;1.2365;1.2365;41817;1.5171;1.5171;37923;1.3141;1.3141;37923;2.9804;2.2137;43833;1.1512;0.8992;41817;;;;mosmix;0.0041;0.2277;0.5686
entwicklung;B;alle;td;48-120;36216;1.5514;2.4100;1.1905;0.4320;0.8258;4.9813;0.829;1.5778;1.5778;37544;1.9134;1.9134;36059;1.5739;1.5739;36059;3.0713;2.2844;39560;1.4737;1.1468;37544;;;;roh-lapse;0.0143;0.2436;0.4789
entwicklung;B;alle;td;120-240;24145;2.2919;3.0983;1.7264;0.7844;0.8095;7.3636;0.936;2.2435;2.2435;24096;2.6802;2.6802;24145;2.2910;2.2910;24145;3.1455;2.3437;25825;2.1494;1.6192;24145;;;;mosmix;-0.0216;0.2305;0.2634
entwicklung;B;alle;td;240-336;12702;2.7864;3.4131;2.0336;-1.3841;0.7856;8.7890;1.016;2.3695;2.3695;792;2.8556;2.8556;11946;2.4423;2.4423;11946;2.7459;2.0391;14046;2.4349;1.8336;11946;;;;roh-lapse;-0.1409;0.1673;0.0027
entwicklung;B;alle;wet;0-6;11074;;;0.0227;;;;;;0.0610;11074;;0.0484;11074;;0.0484;11074;;0.0435;11566;;0.0599;11074;;;;;;;0.4785
entwicklung;B;alle;wet;6-24;32815;;;0.0221;;;;;;0.0493;32815;;0.0399;32815;;0.0399;32815;;0.0402;34291;;0.0488;32815;;;;;;;0.4509
entwicklung;B;alle;wet;24-48;38130;;;0.0265;;;;;;0.0606;41590;;0.0498;37714;;0.0498;37714;;0.0412;43558;;0.0611;41590;;;;;;;0.3565
entwicklung;B;alle;wet;48-120;36033;;;0.0331;;;;;;0.0531;37353;;0.0723;35875;;0.0723;35875;;0.0469;39321;;0.0655;37353;;;;;;;0.2939
entwicklung;B;alle;wet;120-240;23980;;;0.0427;;;;;;0.0467;23929;;0.1188;23980;;0.1188;23980;;0.0537;25620;;0.0843;23980;;;;;;;0.2053
entwicklung;B;alle;wet;240-336;12560;;;0.0434;;;;;;0.0664;783;;0.2228;11814;;0.2228;11814;;0.0473;13872;;0.2215;11814;;;;;;;0.0837
entwicklung;B;alle;ws;0-6;11192;0.9464;1.2849;0.6927;0.0351;0.7799;2.8865;0.954;0.6269;0.6269;11101;0.9990;0.9990;11192;0.9990;0.9990;11192;0.9911;0.7623;11690;0.7200;0.5677;11192;;;;mosmix;-0.5096;-0.1050;0.0913
entwicklung;B;alle;ws;6-24;33182;0.9955;1.3412;0.7397;0.0610;0.8443;3.5315;1.090;0.7104;0.7104;33112;1.0490;1.0490;33182;1.0490;1.0490;33182;1.1625;0.8775;34688;0.7772;0.6076;33182;;;;mosmix;-0.4013;-0.0412;0.1571
entwicklung;B;alle;ws;24-48;38552;1.0266;1.3752;0.7574;0.0742;0.8007;3.2941;0.986;0.7206;0.7206;41880;1.0697;1.0697;38138;1.0697;1.0697;38138;1.1335;0.8577;44072;0.7893;0.6170;42020;;;;mosmix;-0.4246;-0.0511;0.1169
entwicklung;B;alle;ws;48-120;36435;1.0928;1.5120;0.8114;-0.0735;0.7788;3.2686;0.896;0.8101;0.8101;37598;1.1674;1.1674;36278;1.1674;1.1674;36278;1.1381;0.8617;39789;0.8761;0.6896;37760;;;;mosmix;-0.3490;-0.0016;0.0583
entwicklung;B;alle;ws;120-240;24267;1.3107;1.7920;0.9722;0.0088;0.7360;3.6609;0.877;1.0528;1.0528;24164;1.2919;1.2919;24267;1.2919;1.2919;24267;1.0860;0.8295;25947;1.0078;0.7853;24267;;;;mosmix;-0.2449;0.0765;-0.1721
entwicklung;B;alle;ws;240-336;12730;1.6418;2.2250;1.2054;0.5086;0.6790;4.1520;0.835;1.1235;1.1235;793;1.3544;1.3544;11972;1.3544;1.3544;11972;1.0203;0.7846;14074;1.3364;1.0001;11972;;;;roh;-0.2122;0.1100;-0.5362
entwicklung;B;AT;dd;0-6;573;;;26.6643;;;;;;48.9687;1161;;41.6493;1161;;41.6493;1161;;;;;;;;;;;;;
entwicklung;B;AT;dd;6-24;2333;;;26.5997;;;;;;44.9813;4621;;45.5732;4621;;45.5732;4621;;;;;;;;;;;;;
entwicklung;B;AT;dd;24-48;2250;;;25.4826;;;;;;47.2066;5473;;46.2707;5070;;46.2707;5070;;;;;;;;;;;;;
entwicklung;B;AT;dd;48-120;1797;;;28.5500;;;;;;49.0924;4947;;52.7791;4779;;52.7791;4779;;;;;;;;;;;;;
entwicklung;B;AT;dd;120-240;617;;;35.9699;;;;;;61.5124;2794;;66.0290;2795;;66.0290;2795;;;;;;;;;;;;;
entwicklung;B;AT;dd;240-336;179;;;87.0855;;;;;;78.8252;68;;75.6762;1329;;75.6762;1329;;;;;;;;;;;;;
entwicklung;B;AT;gust;0-6;2316;1.2522;1.8100;0.9776;-0.2020;0.8562;4.4861;1.017;1.3280;1.3280;2316;1.4549;1.4549;2316;1.4549;1.4549;2316;1.6983;1.3079;2520;1.1843;0.9439;2316;;;;mosmix;0.0571;0.2639;0.2525
entwicklung;B;AT;gust;6-24;6863;1.3370;1.8902;1.0335;-0.1139;0.8862;5.1787;1.099;1.4397;1.4397;6863;1.4841;1.4841;6863;1.4841;1.4841;6863;1.9227;1.4584;7474;1.2464;0.9864;6863;;;;mosmix;0.0714;0.2821;0.2913
entwicklung;B;AT;gust;24-48;7987;1.4100;1.9857;1.0933;-0.0686;0.8920;5.5523;1.132;1.4684;1.4684;8679;1.5681;1.5681;7867;1.5681;1.5681;7867;1.8916;1.4394;9494;1.3081;1.0391;8679;;;;mosmix;0.0398;0.2554;0.2404
entwicklung;B;AT;gust;48-120;7491;1.9032;2.7981;1.5033;-1.1945;0.7797;5.6351;0.822;1.8224;1.8224;7752;2.0440;2.0440;7446;2.0440;2.0440;7446;2.1236;1.6213;8568;1.6772;1.3484;7752;;;;mosmix;-0.0443;0.1751;0.0728
entwicklung;B;AT;gust;120-240;4910;3.7031;7.9379;3.1394;0.1220;0.7609;7.3367;0.389;2.1076;2.1076;4907;2.5120;2.5120;4910;2.5120;2.5120;4910;2.2453;1.7161;5590;2.0511;1.5963;4910;;;;mosmix;-0.7570;-0.4896;-0.8294
entwicklung;B;AT;gust;240-336;2496;3.2511;6.6114;2.7147;0.6099;0.8245;8.4341;0.548;1.7906;1.7906;163;2.4012;2.4012;2364;2.4012;2.4012;2364;1.9602;1.4860;3040;2.3725;1.7948;2364;;;;roh;-0.3540;-0.1306;-0.8269
entwicklung;B;AT;precip;0-6;2314;0.0354;0.3012;0.0298;-0.0170;0.9862;0.1193;0.704;0.0552;0.0552;2314;0.0548;0.0548;2314;0.0548;0.0548;2314;0.0335;0.0359;2518;0.0534;0.0766;2314;;;;roh;0.3537;0.4559;0.1684
entwicklung;B;AT;precip;6-24;6865;0.0377;0.3573;0.0317;-0.0348;0.9895;0.1091;0.450;0.0436;0.0436;6865;0.0471;0.0471;6865;0.0471;0.0471;6865;0.0503;0.0520;7477;0.0439;0.0707;6865;;;;mosmix;0.1360;0.2724;0.3896
entwicklung;B;AT;precip;24-48;7987;0.0343;0.3375;0.0310;-0.0335;0.9846;0.0774;0.306;0.0406;0.0406;8679;0.0464;0.0464;7867;0.0464;0.0464;7867;0.0426;0.0445;9495;0.0427;0.0698;8679;;;;mosmix;0.1549;0.2345;0.3031
entwicklung;B;AT;precip;48-120;7494;0.0323;0.2647;0.0302;-0.0316;0.9735;0.0716;0.309;0.0348;0.0348;7755;0.0487;0.0487;7449;0.0487;0.0487;7449;0.0349;0.0377;8571;0.0404;0.0569;7755;;;;mosmix;0.0719;0.1306;0.1987
entwicklung;B;AT;precip;120-240;4905;0.0232;0.2003;0.0236;-0.0232;0.9721;0.0372;0.171;0.0231;0.0231;4902;0.0495;0.0495;4905;0.0495;0.0495;4905;0.0290;0.0327;5585;0.0362;0.0479;4905;;;;mosmix;-0.0069;-0.0221;0.2793
entwicklung;B;AT;precip;240-336;2484;0.0100;0.1440;0.0115;-0.0100;0.9863;0.0328;0.088;0.0286;0.0286;163;0.0599;0.0599;2353;0.0599;0.0599;2353;0.0092;0.0138;3028;0.0603;0.0641;2353;;;;roh;0.8323;0.8082;0.1687
entwicklung;B;AT;t;0-6;2430;1.8162;2.4271;1.3948;-0.5426;0.7461;5.0679;0.834;1.1946;1.1946;2430;1.6838;1.6838;2430;2.0380;2.0380;2430;3.0973;2.2341;2646;1.4646;1.0891;2430;;;;mosmix;-0.5204;-0.1676;0.3756
entwicklung;B;AT;t;6-24;7206;1.4033;1.9393;1.0898;0.0500;0.8196;4.7164;0.963;1.1610;1.1610;7206;1.5892;1.5892;7206;1.4272;1.4272;7206;2.9224;2.0545;7854;1.1437;0.8837;7206;;;;mosmix;-0.2086;0.0614;0.4696
entwicklung;B;AT;t;24-48;8379;1.5619;2.1138;1.2121;0.0448;0.8070;5.1052;0.957;1.2882;1.2882;9111;1.7084;1.7084;8259;1.6540;1.6540;8259;3.0247;2.1305;9975;1.3184;0.9992;9111;;;;mosmix;-0.2124;0.0591;0.4311
entwicklung;B;AT;t;48-120;7869;1.7653;2.2270;1.3240;0.4760;0.8016;5.7837;1.026;1.5379;1.5379;8145;2.1191;2.1191;7824;1.8627;1.8627;7824;3.1046;2.1816;9009;1.5689;1.1713;8145;;;;mosmix;-0.1479;0.1391;0.3931
entwicklung;B;AT;t;120-240;5160;2.4219;3.2277;1.8851;0.8350;0.6932;6.1285;0.765;2.2528;2.2528;5157;2.4941;2.4941;5160;2.5216;2.5216;5160;3.2715;2.2742;5880;2.2322;1.6389;5160;;;;mosmix;-0.0750;0.1632;0.1711
entwicklung;B;AT;t;240-336;2616;2.8332;3.3937;2.0674;-0.6874;0.6911;7.3235;0.859;2.6591;2.6591;171;3.2987;3.2987;2478;2.9395;2.9395;2478;3.0444;2.1174;3192;2.9147;2.1431;2478;;;;roh-lapse;0.0362;0.2967;0.0236
entwicklung;B;AT;td;0-6;2430;1.3931;2.2634;1.0792;-0.1824;0.6778;3.0395;0.559;1.1849;1.1849;2430;1.7930;1.7930;2430;1.2813;1.2813;2430;3.5511;2.5638;2646;1.0784;0.8559;2430;;;;mosmix;-0.1757;0.0892;0.5790
entwicklung;B;AT;td;6-24;7206;1.2135;1.8150;0.9331;-0.1422;0.8292;3.9006;0.868;1.2894;1.2894;7206;1.6126;1.6126;7206;1.2729;1.2729;7206;3.4549;2.5006;7854;1.1344;0.8939;7206;;;;roh-lapse;0.0466;0.2669;0.6268
entwicklung;B;AT;td;24-48;8379;1.3963;2.0861;1.0783;-0.0858;0.8241;4.5550;0.866;1.4468;1.4468;9111;1.8346;1.8346;8259;1.4542;1.4542;8259;3.5501;2.5676;9975;1.3128;1.0229;9111;;;;mosmix;0.0349;0.2547;0.5800
entwicklung;B;AT;td;48-120;7869;1.6664;2.5107;1.2755;0.2928;0.8115;5.1876;0.829;1.8103;1.8103;8145;2.2827;2.2827;7824;1.6946;1.6946;7824;3.7674;2.7172;9009;1.6243;1.2597;8145;;;;roh-lapse;0.0167;0.2473;0.5306
entwicklung;B;AT;td;120-240;5160;2.3485;3.0604;1.7424;0.7680;0.8116;7.5148;0.967;2.7184;2.7184;5157;2.8242;2.8242;5160;2.3238;2.3238;5160;3.9399;2.8116;5880;2.3977;1.7934;5160;;;;roh-lapse;-0.0107;0.2502;0.3803
entwicklung;B;AT;td;240-336;2616;2.8676;3.5605;2.0922;0.0464;0.8024;9.0221;0.999;3.0066;3.0066;171;3.4615;3.4615;2478;2.7021;2.7021;2478;3.2860;2.3055;3192;2.6975;2.0370;2478;;;;roh-lapse;-0.0612;0.2257;0.0926
entwicklung;B;AT;wet;0-6;2314;;;0.0221;;;;;;0.0462;2314;;0.0406;2314;;0.0406;2314;;0.0411;2518;;0.0497;2314;;;;;;;0.4618
entwicklung;B;AT;wet;6-24;6865;;;0.0193;;;;;;0.0345;6865;;0.0352;6865;;0.0352;6865;;0.0388;7477;;0.0393;6865;;;;;;;0.5036
entwicklung;B;AT;wet;24-48;7987;;;0.0219;;;;;;0.0354;8679;;0.0380;7867;;0.0380;7867;;0.0383;9495;;0.0401;8679;;;;;;;0.4293
entwicklung;B;AT;wet;48-120;7494;;;0.0283;;;;;;0.0364;7755;;0.0662;7449;;0.0662;7449;;0.0408;8571;;0.0562;7755;;;;;;;0.3072
entwicklung;B;AT;wet;120-240;4905;;;0.0250;;;;;;0.0257;4902;;0.0985;4905;;0.0985;4905;;0.0432;5585;;0.0618;4905;;;;;;;0.4226
entwicklung;B;AT;wet;240-336;2484;;;0.0148;;;;;;0.0368;163;;0.1470;2353;;0.1470;2353;;0.0239;3028;;0.1483;2353;;;;;;;0.3808
entwicklung;B;AT;ws;0-6;2316;0.9872;1.3058;0.7109;0.2227;0.7180;2.8545;0.943;0.7194;0.7194;2262;0.9920;0.9920;2316;0.9920;0.9920;2316;0.8466;0.6377;2520;0.7710;0.6221;2316;;;;mosmix;-0.3723;0.0117;-0.1148
entwicklung;B;AT;ws;6-24;6864;1.0490;1.3862;0.7679;0.2974;0.8010;3.4802;1.049;0.8223;0.8223;6846;1.0413;1.0413;6864;1.0413;1.0413;6864;1.0118;0.7637;7476;0.8128;0.6433;6864;;;;mosmix;-0.2758;0.0661;-0.0056
entwicklung;B;AT;ws;24-48;7988;1.0889;1.4266;0.7934;0.3353;0.7465;3.2550;0.948;0.8205;0.8205;8626;1.0667;1.0667;7868;1.0667;1.0667;7868;0.9837;0.7409;9496;0.8338;0.6607;8669;;;;mosmix;-0.3271;0.0330;-0.0709
entwicklung;B;AT;ws;48-120;7497;1.1625;1.5900;0.8559;0.1756;0.7146;3.1714;0.835;0.8730;0.8730;7677;1.1395;1.1395;7452;1.1395;1.1395;7452;1.0048;0.7562;8574;0.9003;0.7201;7753;;;;mosmix;-0.3317;0.0195;-0.1319
entwicklung;B;AT;ws;120-240;4917;1.4438;1.7888;1.0431;0.5340;0.6455;3.8502;0.923;1.0220;1.0220;4880;1.2037;1.2037;4917;1.2037;1.2037;4917;0.9799;0.7362;5597;0.9689;0.7590;4917;;;;mosmix;-0.4127;-0.0206;-0.4167
entwicklung;B;AT;ws;240-336;2496;1.9288;2.4674;1.3944;1.1505;0.5605;4.5091;0.822;1.0640;1.0640;163;1.1880;1.1880;2364;1.1880;1.1880;2364;0.9179;0.6897;3040;1.1690;0.9035;2364;;;;roh;-0.6235;-0.1737;-1.0218
entwicklung;B;CH;dd;0-6;683;;;47.5149;;;;;;29.1281;1666;;52.0675;1670;;52.0675;1670;;;;;;;;;;;;;
entwicklung;B;CH;dd;6-24;2089;;;40.9184;;;;;;31.7994;6326;;50.3973;6327;;50.3973;6327;;;;;;;;;;;;;
entwicklung;B;CH;dd;24-48;1640;;;43.0063;;;;;;32.5710;7511;;52.2282;6887;;52.2282;6887;;;;;;;;;;;;;
entwicklung;B;CH;dd;48-120;1172;;;45.2360;;;;;;35.2423;6733;;60.2832;6494;;60.2832;6494;;;;;;;;;;;;;
entwicklung;B;CH;dd;120-240;160;;;74.2169;;;;;;47.1620;4079;;73.3673;4085;;73.3673;4085;;;;;;;;;;;;;
entwicklung;B;CH;dd;240-336;149;;;78.4812;;;;;;48.8494;107;;79.2797;1897;;79.2797;1897;;;;;;;;;;;;;
entwicklung;B;CH;gust;0-6;3102;1.2739;1.6880;0.9534;0.3939;0.8952;4.9619;1.210;0.9080;0.9080;3102;1.4320;1.4320;3102;1.4320;1.4320;3102;1.3141;1.0144;3396;1.0325;0.8053;3102;;;;mosmix;-0.4029;-0.0500;0.0601
entwicklung;B;CH;gust;6-24;9198;1.4014;1.8274;1.0459;0.4692;0.9068;5.5699;1.230;1.0543;1.0543;9198;1.4354;1.4354;9198;1.4354;1.4354;9198;1.5445;1.1937;10091;1.1244;0.8727;9198;;;;mosmix;-0.3292;0.0079;0.1238
entwicklung;B;CH;gust;24-48;10657;1.4873;1.9308;1.1100;0.6623;0.9135;5.9467;1.246;1.0494;1.0494;11625;1.4893;1.4893;10537;1.4893;1.4893;10537;1.4967;1.1557;12825;1.1383;0.8875;11625;;;;mosmix;-0.4173;-0.0578;0.0396
entwicklung;B;CH;gust;48-120;10019;1.5483;2.1284;1.1917;-0.1518;0.8884;6.0430;1.148;1.2288;1.2288;10383;1.8776;1.8776;9974;1.8776;1.8776;9974;1.5951;1.2251;11583;1.3925;1.0966;10383;;;;mosmix;-0.2600;0.0302;0.0273
entwicklung;B;CH;gust;120-240;6560;1.7918;2.5346;1.4137;-0.0602;0.9245;7.9416;1.323;1.5059;1.5059;6558;2.2424;2.2424;6560;2.2424;2.2424;6560;1.7087;1.3131;7560;1.6712;1.3133;6560;;;;mosmix;-0.1898;0.0613;-0.0766
entwicklung;B;CH;gust;240-336;3304;1.9831;2.6433;1.5218;0.8224;0.9516;9.1040;1.480;1.7687;1.7687;218;2.3803;2.3803;3134;2.3803;2.3803;3134;1.5969;1.2431;4104;2.3377;1.7764;3134;;;;roh;0.1669;0.3607;-0.2242
entwicklung;B;CH;precip;0-6;2964;0.0230;0.1969;0.0201;-0.0106;0.9899;0.0987;0.768;0.0340;0.0340;2964;0.0379;0.0379;2964;0.0379;0.0379;2964;0.0222;0.0337;3252;0.0355;0.0609;2964;;;;mosmix;0.3258;0.4098;0.4042
entwicklung;B;CH;precip;6-24;8780;0.0185;0.2235;0.0163;-0.0161;0.9957;0.0855;0.629;0.0225;0.0225;8780;0.0271;0.0271;8780;0.0271;0.0271;8780;0.0284;0.0351;9644;0.0234;0.0504;8780;;;;mosmix;0.1815;0.2773;0.5362
entwicklung;B;CH;precip;24-48;10175;0.0196;0.2173;0.0194;-0.0182;0.9926;0.1049;0.569;0.0296;0.0296;11095;0.0414;0.0414;10055;0.0414;0.0414;10055;0.0268;0.0347;12247;0.0348;0.0632;11095;;;;mosmix;0.3380;0.3434;0.4408
entwicklung;B;CH;precip;48-120;9552;0.0206;0.2035;0.0201;-0.0205;0.9831;0.0673;0.299;0.0226;0.0226;9897;0.0382;0.0382;9507;0.0382;0.0382;9507;0.0209;0.0312;11049;0.0297;0.0487;9897;;;;mosmix;0.0894;0.1098;0.3546
entwicklung;B;CH;precip;120-240;6230;0.0271;0.1798;0.0266;-0.0271;0.9568;0.0653;0.312;0.0276;0.0276;6228;0.0687;0.0687;6230;0.0687;0.0687;6230;0.0235;0.0335;7190;0.0462;0.0564;6230;;;;mosmix;0.0181;0.0355;0.2042
entwicklung;B;CH;precip;240-336;3112;0.0434;0.2275;0.0439;-0.0434;0.9052;0.0204;0.031;0.0833;0.0833;206;0.1287;0.1287;2953;0.1287;0.1287;2953;0.0348;0.0401;3880;0.1281;0.1160;2953;;;;roh;0.6628;0.6586;-0.0947
entwicklung;B;CH;t;0-6;2988;1.8559;2.4597;1.4012;-0.3136;0.7510;5.2736;0.850;0.7605;0.7605;2988;1.8687;1.8687;2988;2.0573;2.0573;2988;2.5665;1.8939;3276;1.2562;0.9473;2988;;;;mosmix;-1.4402;-0.8424;0.2602
entwicklung;B;CH;t;6-24;8860;1.3806;1.9109;1.0610;0.1027;0.8429;4.8510;1.004;0.8799;0.8799;8860;1.9137;1.9137;8860;1.3778;1.3778;8860;2.8349;2.0804;9724;0.9649;0.7347;8860;;;;mosmix;-0.5690;-0.2058;0.4900
entwicklung;B;CH;t;24-48;10270;1.4251;1.9407;1.0965;0.1263;0.8453;5.2322;1.066;0.9322;0.9322;11198;1.9469;1.9469;10150;1.5938;1.5938;10150;2.7830;2.0512;12350;1.0743;0.8158;11198;;;;mosmix;-0.5287;-0.1762;0.4655
entwicklung;B;CH;t;48-120;9653;1.6130;2.0321;1.2048;0.4467;0.8478;5.8766;1.141;1.1442;1.1442;10002;2.4186;2.4186;9608;1.8482;1.8482;9608;2.8577;2.0949;11154;1.3094;0.9820;10002;;;;mosmix;-0.4097;-0.0530;0.4249
entwicklung;B;CH;t;120-240;6320;2.2358;2.8685;1.6937;-0.3540;0.7122;6.1597;0.861;1.8337;1.8337;6318;3.0929;3.0929;6320;2.3771;2.3771;6320;3.0713;2.2374;7280;1.8746;1.4002;6320;;;;mosmix;-0.2193;0.0763;0.2430
entwicklung;B;CH;t;240-336;3184;3.0943;3.7118;2.2936;-2.7376;0.6206;7.2459;0.779;2.0978;2.0978;210;3.8249;3.8249;3020;2.8297;2.8297;3020;3.4948;2.4744;3952;2.8016;2.1216;3020;;;;roh-lapse;-0.0935;0.1894;0.0731
entwicklung;B;CH;td;0-6;2988;1.5941;2.5185;1.2328;-0.3997;0.6931;3.7553;0.635;1.0417;1.0417;2988;2.3155;2.3155;2988;1.6274;1.6274;2988;3.2666;2.4668;3276;1.1721;0.9588;2988;;;;mosmix;-0.5304;-0.1834;0.5003
entwicklung;B;CH;td;6-24;8860;1.5481;2.4330;1.1893;0.0576;0.7819;4.4279;0.746;1.4547;1.4547;8860;2.1374;2.1374;8860;1.7173;1.7173;8860;3.2845;2.4471;9724;1.4344;1.1380;8860;;;;mosmix;-0.0642;0.1824;0.5140
entwicklung;B;CH;td;24-48;10270;1.6155;2.5784;1.2488;0.0838;0.8160;4.9359;0.764;1.5479;1.5479;11198;2.2706;2.2706;10150;1.7851;1.7851;10150;3.3768;2.5170;12350;1.5068;1.1991;11198;;;;mosmix;-0.0437;0.1932;0.5039
entwicklung;B;CH;td;48-120;9653;2.0032;3.3624;1.5675;0.4381;0.7888;5.5801;0.669;1.8122;1.8122;10002;2.7695;2.7695;9608;2.0598;2.0598;9608;3.4916;2.6063;11154;1.8069;1.4486;10002;;;;mosmix;-0.1054;0.1350;0.3986
entwicklung;B;CH;td;120-240;6320;2.3128;3.5486;1.7963;-0.0106;0.8377;7.6014;0.844;2.2574;2.2574;6318;3.2632;3.2632;6320;2.3316;2.3316;6320;3.5678;2.6684;7280;2.1269;1.6556;6320;;;;mosmix;-0.0246;0.2042;0.3268
entwicklung;B;CH;td;240-336;3184;3.5824;4.1128;2.5355;-3.1281;0.6633;8.9744;0.860;2.4600;2.4600;210;3.4894;3.4894;3020;2.4242;2.4242;3020;3.2153;2.3880;3952;2.4241;1.8161;3020;;;;roh-lapse;-0.4778;-0.0459;-0.0617
entwicklung;B;CH;wet;0-6;2964;;;0.0205;;;;;;0.0405;2964;;0.0483;2964;;0.0483;2964;;0.0439;3252;;0.0509;2964;;;;;;;0.5319
entwicklung;B;CH;wet;6-24;8780;;;0.0116;;;;;;0.0199;8780;;0.0247;8780;;0.0247;8780;;0.0375;9644;;0.0229;8780;;;;;;;0.6899
entwicklung;B;CH;wet;24-48;10175;;;0.0182;;;;;;0.0314;11095;;0.0431;10055;;0.0431;10055;;0.0384;12247;;0.0377;11095;;;;;;;0.5276
entwicklung;B;CH;wet;48-120;9552;;;0.0195;;;;;;0.0230;9897;;0.0666;9507;;0.0666;9507;;0.0391;11049;;0.0471;9897;;;;;;;0.5022
entwicklung;B;CH;wet;120-240;6230;;;0.0355;;;;;;0.0389;6228;;0.1287;6230;;0.1287;6230;;0.0505;7190;;0.0936;6230;;;;;;;0.2976
entwicklung;B;CH;wet;240-336;3112;;;0.0593;;;;;;0.1068;206;;0.3092;2953;;0.3092;2953;;0.0573;3880;;0.3068;2953;;;;;;;-0.0351
entwicklung;B;CH;ws;0-6;3102;0.9856;1.2515;0.7097;0.4035;0.7514;3.1972;1.111;0.6077;0.6077;3078;1.0281;1.0281;3102;1.0281;1.0281;3102;0.7749;0.5955;3396;0.7281;0.5808;3102;;;;mosmix;-0.6220;-0.1679;-0.1917
entwicklung;B;CH;ws;6-24;9198;1.0386;1.3466;0.7559;0.4385;0.8263;3.6524;1.150;0.6751;0.6751;9165;1.0387;1.0387;9198;1.0387;1.0387;9198;0.8903;0.6848;10092;0.7577;0.6055;9198;;;;mosmix;-0.5384;-0.1197;-0.1039
entwicklung;B;CH;ws;24-48;10657;1.0541;1.3469;0.7617;0.4652;0.7745;3.3801;1.049;0.6709;0.6709;11521;1.0400;1.0400;10537;1.0400;1.0400;10537;0.8660;0.6658;12825;0.7528;0.6001;11603;;;;mosmix;-0.5712;-0.1353;-0.1440
entwicklung;B;CH;ws;48-120;10019;1.0654;1.3931;0.7725;0.4263;0.7671;3.3547;1.016;0.7129;0.7129;10293;1.0863;1.0863;9974;1.0863;1.0863;9974;0.8489;0.6508;11583;0.8001;0.6366;10375;;;;mosmix;-0.4944;-0.0836;-0.1870
entwicklung;B;CH;ws;120-240;6560;1.3148;1.7111;0.9437;0.7842;0.7560;4.2236;1.087;0.8538;0.8538;6539;1.1417;1.1417;6560;1.1417;1.1417;6560;0.8480;0.6519;7560;0.8466;0.6705;6560;;;;mosmix;-0.5399;-0.1053;-0.4477
entwicklung;B;CH;ws;240-336;3304;1.9847;2.6498;1.4039;1.7194;0.6571;5.1571;0.875;0.9642;0.9642;218;1.1170;1.1170;3134;1.1170;1.1170;3134;0.7838;0.6096;4104;1.0970;0.8175;3134;;;;roh;-0.7769;-0.2569;-1.3029
entwicklung;B;DE;clct;0-6;5610;17.8263;30.8429;13.2191;2.7242;0.9234;58.6527;0.867;22.4905;22.4905;5610;19.6365;19.6365;5610;19.6365;19.6365;5610;31.6767;21.7253;5610;20.6547;15.0696;5610;;;;roh;0.0922;0.3268;0.3915
entwicklung;B;DE;clct;6-24;16779;20.3092;31.6631;14.9063;0.1376;0.9186;68.5494;0.941;24.6373;24.6373;16779;21.4093;21.4093;16779;21.4093;21.4093;16779;31.9141;21.9027;16779;22.5091;16.2853;16779;;;;roh;0.0514;0.3037;0.3194
entwicklung;B;DE;clct;24-48;19424;22.0061;33.7710;16.1949;4.3994;0.9294;77.7813;0.986;25.2616;25.2616;21307;22.7944;22.7944;19250;22.7944;22.7944;19250;31.3996;21.7103;21307;23.7299;17.0815;21307;;;;roh;0.0346;0.2895;0.2540
entwicklung;B;DE;clct;48-120;18322;25.8119;37.1048;18.2743;6.7739;0.9418;85.6025;1.015;29.8497;29.8497;19050;27.1308;27.1308;18255;27.1308;27.1308;18255;31.4879;21.6674;19050;28.2114;19.8332;19050;;;;roh;0.0486;0.3264;0.1566
entwicklung;B;DE;clct;120-240;12105;38.2966;44.9185;24.4041;-6.8799;0.9874;98.9410;1.026;38.0284;38.0284;12059;40.1242;40.1242;12105;40.1242;40.1242;12105;32.3265;22.0609;12105;38.6585;25.7420;12105;;;;mosmix;-0.0071;0.3583;-0.1062
entwicklung;B;DE;clct;240-336;6310;36.4340;41.7854;23.4510;-5.8523;0.9891;98.7499;1.129;38.6078;38.6078;371;48.5697;48.5697;5892;48.5697;48.5697;5892;27.4376;19.8308;6310;48.2728;31.2899;5892;;;;roh;0.2499;0.5172;-0.1826
entwicklung;B;DE;dd;0-6;3610;;;17.9371;;;;;;18.5979;4582;;23.2419;4582;;23.2419;4582;;;;;;;;;;;;;
entwicklung;B;DE;dd;6-24;11525;;;17.0688;;;;;;21.2876;15167;;22.7133;15168;;22.7133;15168;;;;;;;;;;;;;
entwicklung;B;DE;dd;24-48;11884;;;17.7064;;;;;;22.7690;18768;;25.4439;17157;;25.4439;17157;;;;;;;;;;;;;
entwicklung;B;DE;dd;48-120;9614;;;20.9232;;;;;;29.5140;16898;;32.3566;16273;;32.3566;16273;;;;;;;;;;;;;
entwicklung;B;DE;dd;120-240;4146;;;47.1186;;;;;;60.1345;10631;;62.4137;10672;;62.4137;10672;;;;;;;;;;;;;
entwicklung;B;DE;dd;240-336;1799;;;80.5056;;;;;;69.3332;312;;70.3690;5355;;70.3690;5355;;;;;;;;;;;;;
entwicklung;B;DE;gust;0-6;5774;1.1490;1.5065;0.8595;0.0216;0.8628;4.1069;1.099;0.8272;0.8272;5774;1.1583;1.1583;5774;1.1583;1.1583;5774;1.9204;1.4800;5774;0.8701;0.6669;5774;;;;mosmix;-0.3890;-0.0389;0.4193
entwicklung;B;DE;gust;6-24;17110;1.1779;1.5705;0.9037;-0.0916;0.8891;4.7390;1.202;0.9731;0.9731;17110;1.1626;1.1626;17110;1.1626;1.1626;17110;2.1991;1.6540;17110;0.9627;0.7380;17110;;;;mosmix;-0.2105;0.0714;0.4536
entwicklung;B;DE;gust;24-48;19898;1.2654;1.6662;0.9689;-0.0038;0.8971;5.1858;1.239;1.0108;1.0108;21742;1.2649;1.2649;19724;1.2649;1.2649;19724;2.1606;1.6303;21742;1.0303;0.7882;21742;;;;mosmix;-0.2518;0.0415;0.4057
entwicklung;B;DE;gust;48-120;18892;1.7898;2.4820;1.3791;-1.2076;0.7983;5.5363;0.891;1.3023;1.3023;19605;1.8074;1.8074;18825;1.8074;1.8074;18825;2.3265;1.7577;19605;1.3830;1.0738;19605;;;;mosmix;-0.3744;-0.0590;0.2154
entwicklung;B;DE;gust;120-240;12751;2.1165;2.9371;1.6361;-0.9675;0.8103;6.6777;0.897;1.8713;1.8713;12706;2.3996;2.3996;12751;2.3996;2.3996;12751;2.3006;1.7687;12751;1.9559;1.4929;12751;;;;mosmix;-0.1310;0.1257;0.0750
entwicklung;B;DE;gust;240-336;6905;1.9554;2.5067;1.4880;0.2182;0.8708;7.5100;1.224;1.9569;1.9569;412;2.6928;2.6928;6454;2.6928;2.6928;6454;2.1440;1.6793;6905;2.6574;2.0257;6454;;;;roh;0.2738;0.4474;0.1139
entwicklung;B;DE;precip;0-6;5796;0.0580;0.5896;0.0486;-0.0523;0.9638;0.1329;0.367;0.0736;0.0736;5796;0.0629;0.0629;5796;0.0629;0.0629;5796;0.0683;0.0696;5796;0.0656;0.0965;5796;;;;roh;0.0782;0.2274;0.3020
entwicklung;B;DE;precip;6-24;17170;0.0422;0.3216;0.0365;-0.0391;0.9717;0.1277;0.534;0.0507;0.0507;17170;0.0524;0.0524;17170;0.0524;0.0524;17170;0.0441;0.0455;17170;0.0496;0.0769;17170;;;;mosmix;0.1683;0.2813;0.1982
entwicklung;B;DE;precip;24-48;19968;0.0528;0.4587;0.0466;-0.0521;0.9641;0.1354;0.301;0.0668;0.0668;21816;0.0669;0.0669;19792;0.0669;0.0669;19792;0.0525;0.0538;21816;0.0634;0.0925;21816;;;;mosmix;0.2101;0.3020;0.1324
entwicklung;B;DE;precip;48-120;18987;0.0406;0.2967;0.0367;-0.0403;0.9479;0.0919;0.273;0.0481;0.0481;19701;0.0546;0.0546;18919;0.0546;0.0546;18919;0.0402;0.0418;19701;0.0495;0.0665;19701;;;;mosmix;0.1575;0.2366;0.1206
entwicklung;B;DE;precip;120-240;12845;0.0395;0.2840;0.0390;-0.0395;0.8960;0.0374;0.122;0.0398;0.0398;12799;0.0647;0.0647;12845;0.0647;0.0647;12845;0.0395;0.0414;12845;0.0513;0.0644;12845;;;;mosmix;0.0083;0.0203;0.0577
entwicklung;B;DE;precip;240-336;6964;0.0434;0.3297;0.0438;-0.0434;0.8899;0.0102;0.021;0.0464;0.0464;414;0.0981;0.0981;6508;0.0981;0.0981;6508;0.0434;0.0454;6964;0.0972;0.0995;6508;;;;roh;0.5572;0.5536;0.0353
entwicklung;B;DE;t;0-6;5784;1.1653;1.6689;0.9047;0.3192;0.8053;3.6733;0.871;0.7579;0.7579;5784;1.1450;1.1450;5784;1.2417;1.2417;5784;2.7438;2.0139;5784;0.8939;0.6897;5784;;;;mosmix;-0.5375;-0.1937;0.5508
entwicklung;B;DE;t;6-24;17138;0.9996;1.3771;0.7674;0.0770;0.8553;3.6094;1.034;0.8763;0.8763;17138;0.9961;0.9961;17138;0.9681;0.9681;17138;3.0105;2.1416;17138;0.8421;0.6355;17138;;;;mosmix;-0.1407;0.1243;0.6417
entwicklung;B;DE;t;24-48;19927;1.0976;1.4886;0.8480;0.1507;0.8607;4.1292;1.091;0.9776;0.9776;21773;1.1183;1.1183;19753;1.1293;1.1293;19753;2.9570;2.1236;21773;0.9689;0.7323;21773;;;;mosmix;-0.1227;0.1326;0.6007
entwicklung;B;DE;t;48-120;18942;1.3751;1.8010;1.0477;0.2231;0.8245;4.8143;1.053;1.2582;1.2582;19656;1.3791;1.3791;18875;1.3883;1.3883;18875;3.0616;2.1808;19656;1.2406;0.9335;19656;;;;mosmix;-0.0929;0.1673;0.5196
entwicklung;B;DE;t;120-240;12810;2.1272;2.7210;1.6314;0.5532;0.6460;4.9583;0.745;2.0835;2.0835;12765;2.1136;2.1136;12810;2.1498;2.1498;12810;3.3234;2.3344;12810;2.0062;1.4963;12810;;;;mosmix;-0.0210;0.2170;0.3012
entwicklung;B;DE;t;240-336;6946;2.8876;3.5697;2.1685;-1.5910;0.6124;6.4909;0.728;2.5424;2.5424;413;2.8049;2.8049;6489;2.9008;2.9008;6489;3.6955;2.5112;6946;2.8824;2.1445;6489;;;;roh;-0.0295;0.2269;0.1365
entwicklung;B;DE;td;0-6;5724;0.7769;1.0674;0.5898;0.0587;0.8166;2.4878;0.925;0.6609;0.6609;5724;0.7658;0.7658;5724;0.8027;0.8027;5724;2.4728;1.8471;5724;0.6216;0.4778;5724;;;;mosmix;-0.1755;0.1076;0.6807
entwicklung;B;DE;td;6-24;16933;0.8439;1.1171;0.6456;-0.0088;0.8897;3.3950;1.202;0.8769;0.8769;16933;0.8697;0.8697;16933;0.8848;0.8848;16933;2.4744;1.8651;16933;0.7784;0.5963;16933;;;;roh;0.0297;0.2577;0.6539
entwicklung;B;DE;td;24-48;19688;0.9609;1.2865;0.7490;0.0928;0.9021;4.1358;1.268;0.9852;0.9852;21508;0.9907;0.9907;19514;1.0098;1.0098;19514;2.4885;1.8754;21508;0.8976;0.6906;21508;;;;mosmix;0.0247;0.2397;0.6006
entwicklung;B;DE;td;48-120;18694;1.2697;1.6615;0.9600;0.4875;0.8509;4.5852;1.093;1.3594;1.3594;19397;1.3167;1.3167;18627;1.2725;1.2725;18627;2.5063;1.8983;19397;1.2386;0.9438;19397;;;;roh-lapse;0.0022;0.2456;0.4943
entwicklung;B;DE;td;120-240;12665;2.2583;2.8637;1.6849;1.1879;0.7946;7.1833;0.988;2.0425;2.0425;12621;2.3307;2.3307;12665;2.2574;2.2574;12665;2.5339;1.9399;12665;2.0595;1.5301;12665;;;;mosmix;-0.1057;0.1750;0.1314
entwicklung;B;DE;td;240-336;6902;2.3884;2.9716;1.7799;-1.1218;0.8357;8.6150;1.145;2.0581;2.0581;411;2.3258;2.3258;6448;2.3509;2.3509;6448;2.2273;1.7162;6902;2.3391;1.7635;6448;;;;roh;-0.0269;0.2347;-0.0371
entwicklung;B;DE;wet;0-6;5796;;;0.0240;;;;;;0.0775;5796;;0.0516;5796;;0.0516;5796;;0.0443;5796;;0.0685;5796;;;;;;;0.4582
entwicklung;B;DE;wet;6-24;17170;;;0.0285;;;;;;0.0702;17170;;0.0495;17170;;0.0495;17170;;0.0423;17170;;0.0658;17170;;;;;;;0.3254
entwicklung;B;DE;wet;24-48;19968;;;0.0327;;;;;;0.0855;21816;;0.0580;19792;;0.0580;19792;;0.0441;21816;;0.0814;21816;;;;;;;0.2588
entwicklung;B;DE;wet;48-120;18987;;;0.0419;;;;;;0.0749;19701;;0.0776;18919;;0.0776;18919;;0.0539;19701;;0.0783;19701;;;;;;;0.2228
entwicklung;B;DE;wet;120-240;12845;;;0.0530;;;;;;0.0585;12799;;0.1217;12845;;0.1217;12845;;0.0601;12845;;0.0884;12845;;;;;;;0.1187
entwicklung;B;DE;wet;240-336;6964;;;0.0464;;;;;;0.0580;414;;0.2110;6508;;0.2110;6508;;0.0520;6964;;0.2093;6508;;;;;;;0.1063
entwicklung;B;DE;ws;0-6;5774;0.9089;1.2940;0.6763;-0.2381;0.8201;2.7324;0.869;0.6009;0.6009;5761;0.9861;0.9861;5774;0.9861;0.9861;5774;1.1813;0.9148;5774;0.6953;0.5389;5774;;;;mosmix;-0.5126;-0.1256;0.2607
entwicklung;B;DE;ws;6-24;17120;0.9508;1.3197;0.7196;-0.2365;0.8714;3.4872;1.074;0.6845;0.6845;17101;1.0576;1.0576;17120;1.0576;1.0576;17120;1.3888;1.0407;17120;0.7733;0.5944;17120;;;;mosmix;-0.3891;-0.0513;0.3086
entwicklung;B;DE;ws;24-48;19907;0.9868;1.3692;0.7407;-0.2398;0.8365;3.2637;0.968;0.7073;0.7073;21733;1.0868;1.0868;19733;1.0868;1.0868;19733;1.3565;1.0218;21751;0.7911;0.6086;21748;;;;mosmix;-0.3952;-0.0472;0.2752
entwicklung;B;DE;ws;48-120;18919;1.0797;1.5405;0.8143;-0.4369;0.8104;3.2614;0.865;0.8365;0.8365;19628;1.2213;1.2213;18852;1.2213;1.2213;18852;1.3669;1.0321;19632;0.9068;0.7056;19632;;;;mosmix;-0.2908;0.0265;0.2110
entwicklung;B;DE;ws;120-240;12790;1.2574;1.8334;0.9596;-0.5909;0.7606;3.2996;0.743;1.1667;1.1667;12745;1.4029;1.4029;12790;1.4029;1.4029;12790;1.2732;0.9752;12790;1.1054;0.8543;12790;;;;mosmix;-0.0777;0.1775;0.0160
entwicklung;B;DE;ws;240-336;6930;1.3749;1.8850;1.0427;-0.2999;0.7322;3.5442;0.803;1.2313;1.2313;412;1.5301;1.5301;6474;1.5301;1.5301;6474;1.2053;0.9299;6930;1.5134;1.1238;6474;;;;roh;0.1014;0.3186;-0.1212
